gene,CTRL_1,CTRL_2,CTRL_3,CTRL_4,CTRL_5,CTRL_6,DIS_1,DIS_2,DIS_3,DIS_4,DIS_5,DIS_6
GENE4000,269,61,527,364,196,142,268,303,124,327,253,270
GENE4001,1021,421,1170,500,255,1175,799,807,267,814,450,461
GENE4002,296,438,267,428,98,312,310,552,206,197,366,160
GENE4003,5,20,13,9,12,20,6,21,11,12,15,16
GENE4004,2,2,11,2,2,5,4,3,9,5,2,6
GENE4005,50,40,53,78,27,24,11,26,34,57,53,54
GENE4006,133,190,80,471,129,314,228,157,111,395,238,142
GENE4007,128,121,122,102,107,136,369,1778,814,756,777,1380
GENE4008,1177,978,427,1261,486,720,862,1529,702,693,565,517
GENE4009,72,191,185,141,50,211,94,402,104,190,180,128
GENE4010,126,175,120,96,114,215,155,144,83,93,197,257
GENE4011,6,14,17,21,7,20,27,17,7,18,33,16
GENE4012,2,3,14,18,15,8,7,15,3,7,12,8
GENE4013,522,513,173,1647,710,427,535,407,628,280,238,410
GENE4014,29,50,61,51,42,91,80,90,48,64,36,39
GENE4015,109,135,75,403,139,307,82,145,75,246,205,289
GENE4016,7,6,5,9,2,7,3,7,2,5,2,5
GENE4017,11,41,32,37,15,46,10,36,30,11,25,15
GENE4018,4,6,7,6,3,9,9,8,14,9,7,4
GENE4019,21,1,17,4,17,17,16,27,13,2,21,24
GENE4020,120,538,124,140,101,253,130,142,284,162,159,126
GENE4021,7,4,9,7,2,9,3,2,2,9,6,4
GENE4022,17,47,25,17,21,9,16,40,13,16,46,11
GENE4023,71,88,48,87,45,143,62,80,61,48,27,48
GENE4024,12,10,19,19,15,22,8,29,2,10,32,25
GENE4025,13,32,28,41,22,50,54,76,16,36,24,10
GENE4026,16,36,12,16,13,42,30,62,38,57,28,24
GENE4027,113,116,86,125,42,94,64,76,90,33,136,92
GENE4028,32,22,39,26,13,30,37,25,21,62,22,20
GENE4029,64,38,83,60,37,97,82,156,45,33,39,107
GENE4030,46,33,63,55,17,97,40,75,57,54,43,70
GENE4031,50,47,53,144,26,72,78,69,69,184,99,157
GENE4032,94,65,99,74,60,36,100,70,35,52,117,91
GENE4033,477,1019,1000,1038,818,2287,927,1041,246,585,783,527
GENE4034,8,5,10,23,11,28,11,12,7,14,23,27
GENE4035,242,308,374,600,160,312,303,801,197,347,298,409
GENE4036,14,12,23,32,15,48,31,38,11,32,16,22
GENE4037,7,17,10,16,8,8,14,10,3,13,10,11
GENE4038,271,308,201,504,180,540,313,495,212,468,386,344
GENE4039,13,33,37,47,34,19,19,29,32,35,16,25
GENE4040,19,19,29,47,38,34,7,6,4,4,9,9
GENE4041,3,4,5,4,4,6,3,14,11,3,6,9
GENE4042,2,3,1,2,2,1,3,3,1,1,0,3
GENE4043,103,173,61,220,70,245,325,231,464,684,356,531
GENE4044,9,8,6,7,9,11,14,9,7,5,8,14
GENE4045,163,178,116,172,85,270,500,1499,857,1748,390,658
GENE4046,321,989,1519,527,411,1629,8247,9293,2748,9034,5354,5151
GENE4047,44,40,47,68,3,24,19,66,17,12,12,16
GENE4048,3,9,3,11,4,13,5,8,5,20,6,13
GENE4049,99,55,45,138,95,60,122,105,50,87,92,82
GENE4050,158,184,135,207,125,263,111,213,130,114,145,260
GENE4051,14,39,56,34,14,44,66,43,11,34,41,26
GENE4052,19,48,27,96,40,67,65,103,77,61,89,7
GENE4053,233,613,491,443,190,547,688,1810,698,1532,516,304
GENE4054,410,267,468,345,345,440,136,403,282,660,266,525
GENE4055,192,190,119,98,96,106,162,211,108,83,200,209
GENE4056,16,16,14,35,11,19,13,24,4,9,19,13
GENE4057,57,24,40,66,3,34,34,50,38,40,15,49
GENE4058,204,138,124,163,135,120,213,179,96,76,115,69
GENE4059,21,36,38,35,11,42,45,68,26,15,48,33
GENE4060,23,24,23,33,13,39,31,22,22,27,15,14
GENE4061,19,11,12,20,12,13,5,27,12,8,7,15
GENE4062,8,17,27,20,8,32,16,43,13,28,17,15
GENE4063,8,20,22,10,14,39,7,26,18,17,9,13
GENE4064,25,27,41,30,12,35,19,51,25,15,24,17
GENE4065,148,322,446,234,251,449,188,436,384,409,187,226
GENE4066,9,8,25,5,5,11,13,34,9,10,13,2
GENE4067,298,256,260,357,192,287,163,452,72,241,330,179
GENE4068,81,121,190,132,47,58,74,84,120,108,105,60
GENE4069,54,82,51,57,24,39,114,76,66,73,75,43
GENE4070,7,15,7,7,18,10,10,11,8,31,9,10
GENE4071,19,24,28,27,3,34,27,18,23,21,30,13
GENE4072,1167,798,1098,1219,778,2336,749,1612,966,1999,897,1503
GENE4073,65,109,72,101,66,64,70,129,37,154,86,41
GENE4074,126,267,165,135,40,144,135,178,105,203,104,90
GENE4075,87,171,169,135,146,248,182,121,74,131,154,136
GENE4076,205,161,591,408,43,364,194,270,101,262,251,134
GENE4077,10,53,38,21,24,40,23,39,34,30,33,16
GENE4078,10,18,28,14,10,28,136,115,194,84,180,84
GENE4079,34,55,26,23,42,53,22,41,57,80,36,31
GENE4080,66,36,30,39,15,30,56,77,15,13,12,29
GENE4081,111,256,171,163,96,265,22,27,19,45,41,21
GENE4082,37,73,94,46,27,107,423,1003,488,800,388,754
GENE4083,45,51,68,57,34,63,160,158,22,110,91,36
GENE4084,33,106,84,46,23,131,20,83,66,82,94,56
GENE4085,282,461,542,432,152,506,250,688,263,280,311,165
GENE4086,19,10,52,38,16,22,78,56,16,17,21,8
GENE4087,25,42,21,24,28,27,24,37,21,23,28,21
GENE4088,200,397,122,303,82,404,268,400,226,182,245,310
GENE4089,31,78,62,31,29,28,21,48,21,55,36,48
GENE4090,50,42,111,145,21,95,141,157,59,50,46,103
GENE4091,9,13,23,20,5,11,20,10,8,24,11,4
GENE4092,68,31,56,74,23,79,29,43,58,94,52,63
GENE4093,75,29,111,54,42,83,48,130,51,119,117,63
GENE4094,6,4,3,3,1,8,4,2,6,8,2,6
GENE4095,7,15,21,18,12,11,13,18,15,38,21,12
GENE4096,80,187,75,112,50,96,52,336,82,172,71,122
GENE4097,778,2463,1572,1017,1346,1122,2578,4049,1510,2008,1015,1776
GENE4098,73,59,100,36,80,67,54,102,105,77,76,120
GENE4099,38,25,66,22,36,61,190,341,203,583,311,333
GENE4100,5,5,14,30,0,25,9,16,9,24,9,20
GENE4101,28,133,68,91,56,192,80,114,65,146,107,76
GENE4102,3,1,5,1,2,4,3,2,1,5,5,0
GENE4103,53,26,36,56,32,98,33,71,45,70,50,15
GENE4104,25,15,27,28,28,34,28,24,46,13,26,37
GENE4105,5,11,21,19,3,16,14,33,26,21,12,28
GENE4106,1714,1422,1930,2070,1061,2183,15542,15519,17465,18681,6399,16875
GENE4107,3,3,2,1,2,5,5,5,2,7,2,1
GENE4108,28,53,62,91,28,43,60,55,7,63,78,29
GENE4109,37,84,51,61,20,60,27,54,42,57,42,68
GENE4110,150,102,131,59,64,203,162,191,47,127,84,97
GENE4111,7,1,4,7,10,5,4,2,4,4,1,9
GENE4112,17,33,21,31,26,49,27,95,44,53,30,26
GENE4113,1,4,4,3,1,4,2,3,6,8,0,4
GENE4114,31,47,25,21,21,30,34,110,39,41,42,89
GENE4115,35,43,82,47,51,90,57,36,50,78,57,137
GENE4116,63,37,94,43,30,66,166,204,142,332,315,264
GENE4117,12,57,52,69,27,38,66,40,11,55,20,20
GENE4118,65,103,63,40,34,59,64,49,18,56,38,17
GENE4119,24,66,24,76,80,94,32,75,40,86,60,61
GENE4120,69,80,151,87,87,166,51,68,99,184,133,103
GENE4121,51,49,45,116,26,58,101,106,40,39,42,47
GENE4122,1,3,4,3,3,2,3,6,4,4,3,4
GENE4123,9,18,7,15,10,17,13,12,7,22,19,10
GENE4124,101,135,80,60,56,111,46,134,40,119,91,90
GENE4125,7,15,13,15,3,12,5,28,4,12,15,13
GENE4126,8,17,9,10,11,9,9,23,8,20,12,7
GENE4127,48,54,21,56,13,47,35,27,31,99,28,125
GENE4128,48,70,37,49,22,64,31,43,22,37,38,44
GENE4129,194,165,222,322,117,320,235,296,240,204,183,155
GENE4130,97,96,154,153,142,101,103,73,75,100,214,94
GENE4131,24,20,25,62,20,23,25,34,7,29,24,22
GENE4132,46,63,63,40,43,39,124,64,58,27,63,29
GENE4133,2,5,9,3,2,4,1,5,4,3,2,2
GENE4134,14,15,34,8,11,15,3,6,3,2,3,3
GENE4135,31,25,61,21,30,92,41,56,20,26,26,19
GENE4136,0,1,0,5,2,6,6,2,2,6,6,1
GENE4137,13,31,29,45,34,16,32,59,29,40,28,34
GENE4138,43,80,67,98,44,60,105,88,24,32,35,37
GENE4139,462,243,184,369,98,221,168,192,171,201,148,146
GENE4140,69,33,130,88,48,95,152,118,117,162,173,95
GENE4141,1508,779,638,1251,504,1340,1126,797,456,1578,1233,626
GENE4142,536,509,628,664,360,699,515,823,281,804,711,670
GENE4143,7,6,1,2,1,2,5,7,7,4,4,10
GENE4144,68,40,9,44,29,23,16,70,16,90,31,49
GENE4145,15,26,39,50,27,65,44,11,25,30,60,44
GENE4146,53,87,72,61,14,33,82,86,52,69,55,55
GENE4147,20,25,28,43,11,19,27,50,10,22,32,22
GENE4148,205,230,48,260,115,116,168,148,50,224,95,128
GENE4149,140,164,197,52,71,176,248,243,52,183,146,203
GENE4150,1,5,6,2,3,8,5,11,2,5,6,0
GENE4151,96,130,117,161,90,264,191,275,148,424,127,197
GENE4152,27,12,19,9,13,49,21,21,24,16,7,11
GENE4153,63,492,274,604,146,232,176,129,59,90,85,62
GENE4154,56,109,121,216,43,151,184,159,89,171,103,106
GENE4155,28,26,45,45,17,50,21,58,41,44,34,31
GENE4156,1132,1132,1529,1137,255,1205,9242,9521,3409,6407,7646,4981
GENE4157,187,203,177,278,56,325,102,217,176,257,99,137
GENE4158,26,68,49,90,43,65,57,32,13,40,46,34
GENE4159,85,201,49,94,29,75,141,80,55,111,60,71
GENE4160,2207,3235,2899,1590,3337,3915,4749,2517,1584,2034,2283,3344
GENE4161,466,681,272,564,288,700,665,359,104,847,475,520
GENE4162,123,165,204,330,161,186,169,230,108,277,281,106
GENE4163,61,70,44,40,44,89,57,123,115,79,71,49
GENE4164,122,147,115,126,57,129,197,138,177,175,81,60
GENE4165,17,26,67,69,45,59,50,127,71,79,90,44
GENE4166,3,10,5,9,3,5,10,5,1,9,9,0
GENE4167,155,131,209,312,262,309,158,262,103,67,295,180
GENE4168,51,180,61,149,39,196,51,79,110,80,51,141
GENE4169,2,3,1,5,4,19,0,6,4,7,2,7
GENE4170,23,7,8,29,26,26,3,2,1,4,6,3
GENE4171,38,26,58,44,23,49,46,39,37,30,24,42
GENE4172,86,84,62,106,58,97,133,85,125,108,100,39
GENE4173,621,1291,785,658,140,653,1481,1133,599,839,628,1090
GENE4174,60,31,83,92,43,71,51,76,46,63,28,45
GENE4175,0,4,3,0,4,5,0,1,0,4,0,0
GENE4176,80,122,122,152,144,188,156,181,179,200,95,128
GENE4177,32,47,22,33,18,61,36,50,33,38,11,50
GENE4178,1,1,2,4,2,4,6,4,2,4,3,7
GENE4179,1,0,1,2,0,6,0,1,1,7,1,2
GENE4180,4,12,5,10,4,7,11,23,4,10,17,12
GENE4181,56,74,43,86,49,105,76,97,44,66,38,48
GENE4182,5,23,16,4,8,15,10,22,7,14,7,10
GENE4183,62,171,125,196,62,129,160,309,76,120,86,124
GENE4184,11,43,44,43,20,21,16,79,26,55,14,20
GENE4185,65,41,82,93,52,95,93,43,23,66,72,97
GENE4186,58,92,146,242,71,125,144,246,94,210,119,113
GENE4187,33,30,177,146,32,118,166,127,58,123,248,73
GENE4188,19,21,4,19,2,20,3,7,3,16,10,10
GENE4189,1162,764,1643,1190,537,1232,754,1468,1085,770,1133,1378
GENE4190,2,2,1,3,1,3,1,2,2,4,11,2
GENE4191,18,25,38,35,24,32,97,48,21,36,23,52
GENE4192,16,2,1,14,11,11,14,20,7,15,10,3
GENE4193,478,626,114,257,398,514,376,773,326,599,299,311
GENE4194,2,8,1,1,9,7,4,8,6,15,1,2
GENE4195,2,15,11,9,3,5,3,10,0,5,4,6
GENE4196,6,3,8,7,4,7,12,11,3,9,3,3
GENE4197,2,12,9,10,4,8,4,1,5,8,2,4
GENE4198,15,41,14,23,17,31,22,23,13,9,11,5
GENE4199,80,98,37,108,31,61,38,50,84,87,86,39
GENE4200,9,1,19,17,5,12,8,8,6,10,15,7
GENE4201,0,0,7,1,1,4,2,1,1,0,1,1
GENE4202,20,21,28,43,19,26,33,60,24,16,22,27
GENE4203,48,39,59,58,30,73,64,64,33,83,46,32
GENE4204,163,113,178,132,207,45,50,264,92,161,54,141
GENE4205,7,10,5,9,7,6,17,10,13,17,15,12
GENE4206,23,33,28,49,13,57,20,57,17,51,65,15
GENE4207,143,318,238,345,213,122,111,499,141,261,153,89
GENE4208,12,14,12,20,4,11,4,9,4,13,21,6
GENE4209,16,39,37,13,42,33,69,71,20,47,54,28
GENE4210,49,30,17,26,14,35,54,27,18,17,28,5
GENE4211,3,6,6,10,8,5,6,6,7,1,2,1
GENE4212,43,53,26,38,27,35,33,52,31,42,14,49
GENE4213,379,383,434,228,194,458,61,136,39,107,64,73
GENE4214,1165,2446,1282,2163,1530,976,2411,4306,1122,1597,1498,1345
GENE4215,0,5,3,4,2,9,16,10,1,2,8,8
GENE4216,292,336,386,231,64,216,847,3769,1492,3251,2543,1739
GENE4217,170,145,480,216,243,325,433,509,382,521,351,650
GENE4218,202,192,321,633,228,411,604,246,152,482,369,293
GENE4219,12,44,28,24,20,36,19,27,22,38,14,7
GENE4220,91,87,50,74,35,177,124,143,92,60,50,68
GENE4221,21,9,11,13,8,38,20,34,31,16,11,21
GENE4222,96,155,162,54,63,126,104,104,79,137,196,78
GENE4223,285,272,416,205,250,218,191,507,272,675,498,206
GENE4224,54,27,30,23,27,40,6,12,6,8,5,5
GENE4225,48,51,102,47,25,84,47,111,48,75,67,71
GENE4226,341,126,229,274,112,259,168,63,66,222,123,267
GENE4227,57,165,59,59,132,218,87,261,112,157,154,86
GENE4228,14,28,15,38,2,27,10,19,15,21,28,24
GENE4229,564,421,262,860,478,469,144,147,118,180,316,212
GENE4230,51,101,85,228,73,124,120,251,90,85,98,43
GENE4231,26,38,36,73,51,59,55,301,149,200,145,256
GENE4232,16,68,40,48,48,94,12,11,4,8,7,7
GENE4233,46,160,93,242,57,203,266,137,123,132,73,249
GENE4234,219,434,195,410,224,338,286,289,306,133,69,204
GENE4235,3,10,5,11,2,8,4,8,10,12,4,4
GENE4236,10,9,18,25,8,28,12,29,8,11,14,6
GENE4237,1,4,2,3,4,5,3,6,2,0,6,3
GENE4238,47,204,133,135,111,88,231,127,62,147,141,65
GENE4239,73,128,95,61,55,145,52,168,148,113,74,51
GENE4240,28,19,17,22,10,45,37,30,11,51,41,53
GENE4241,9,14,16,10,3,10,5,13,7,5,17,4
GENE4242,378,522,838,425,346,708,178,753,389,914,506,214
GENE4243,762,414,897,764,414,880,697,1006,290,864,237,859
GENE4244,555,1034,1273,866,397,340,343,403,257,716,438,888
GENE4245,22,50,48,63,25,93,76,31,79,97,39,34
GENE4246,40,64,45,49,38,77,64,54,50,43,59,48
GENE4247,49,67,36,39,44,64,35,98,54,89,28,59
GENE4248,38,51,61,45,20,42,337,367,276,468,368,156
GENE4249,6,3,5,14,5,6,6,5,7,8,4,5
GENE4250,14,21,13,24,15,15,22,25,11,11,25,11
GENE4251,176,156,245,84,81,222,154,145,225,194,142,259
GENE4252,26,66,38,45,16,52,38,67,58,14,94,39
GENE4253,24,30,16,20,6,27,10,13,31,27,52,10
GENE4254,39,111,13,24,25,41,24,63,22,47,13,32
GENE4255,570,1195,1289,643,543,632,460,1734,1056,1954,673,481
GENE4256,331,534,425,358,381,624,693,786,636,646,433,295
GENE4257,184,263,323,161,168,225,364,674,417,114,258,385
GENE4258,93,122,128,107,40,100,59,80,63,66,80,59
GENE4259,4,8,2,8,5,21,5,11,3,1,8,8
GENE4260,34,31,20,102,34,73,684,780,383,884,287,788
GENE4261,45,59,40,45,12,33,26,62,10,70,18,35
GENE4262,97,78,118,278,47,151,174,276,94,124,122,47
GENE4263,259,228,239,200,341,414,410,304,228,377,387,330
GENE4264,21,39,10,12,4,17,16,53,24,17,22,11
GENE4265,269,321,407,672,150,327,556,1189,314,471,457,323
GENE4266,36,58,34,79,11,168,60,53,53,76,91,29
GENE4267,47,64,80,63,39,32,58,67,49,65,69,61
GENE4268,36,9,29,28,12,71,22,15,27,14,36,10
GENE4269,19,20,36,34,12,45,39,45,33,29,20,27
GENE4270,36,84,47,78,70,67,30,38,25,18,40,26
GENE4271,28,71,20,38,21,35,41,135,39,35,22,41
GENE4272,14,30,33,46,8,12,28,66,22,44,28,40
GENE4273,15,65,24,46,24,43,209,197,238,507,66,72
GENE4274,1189,1554,2861,2458,871,1531,744,1192,930,1622,1237,735
GENE4275,38,13,27,34,35,42,26,85,19,37,38,22
GENE4276,108,261,82,291,69,281,135,304,97,140,187,94
GENE4277,56,50,43,133,21,51,57,60,72,46,67,47
GENE4278,1,0,4,1,1,2,2,8,3,1,3,6
GENE4279,4189,5251,11411,6590,6428,10959,11347,9210,5286,5809,4796,4867
GENE4280,26,43,41,50,21,80,45,43,49,38,34,64
GENE4281,22,16,21,17,7,12,19,18,3,21,15,9
GENE4282,298,661,380,220,222,605,391,599,289,399,327,673
GENE4283,755,622,231,614,233,1202,498,753,349,669,536,564
GENE4284,16,18,15,28,8,8,9,21,13,36,27,10
GENE4285,12,13,18,9,5,9,3,22,12,19,8,9
GENE4286,15,29,14,16,18,9,8,7,11,11,4,8
GENE4287,117,109,61,151,36,102,94,140,63,91,50,122
GENE4288,96,80,71,68,75,60,85,122,11,74,45,29
GENE4289,144,137,300,159,76,203,223,79,101,278,25,134
GENE4290,18,32,71,50,36,20,55,44,27,30,22,21
GENE4291,1,23,7,33,12,34,26,27,11,24,8,16
GENE4292,40,64,32,92,30,74,26,100,46,46,27,37
GENE4293,13,37,17,39,16,21,19,40,18,17,23,23
GENE4294,154,194,115,212,139,144,254,232,87,263,75,50
GENE4295,59,122,70,154,69,89,46,172,64,111,77,139
GENE4296,64,135,229,146,69,241,126,71,72,267,143,124
GENE4297,145,47,94,73,77,142,131,161,54,81,52,41
GENE4298,32,28,28,12,21,34,21,25,17,28,24,23
GENE4299,3,4,6,4,2,2,4,4,2,7,2,0
GENE4300,274,377,315,323,208,304,308,781,289,228,314,256
GENE4301,403,345,338,406,62,350,243,403,252,686,305,270
GENE4302,5,15,13,15,3,20,20,21,34,7,20,11
GENE4303,265,392,300,323,55,397,852,2814,1545,1110,1860,1149
GENE4304,57,78,88,113,26,109,82,59,55,77,98,61
GENE4305,40,49,58,21,28,19,73,29,29,75,30,39
GENE4306,40,35,52,33,63,76,28,80,26,80,31,41
GENE4307,18,23,13,18,7,16,15,18,8,16,2,11
GENE4308,39,58,47,54,24,58,25,32,63,34,80,31
GENE4309,62,49,33,12,46,52,20,28,32,27,21,30
GENE4310,43,100,73,58,43,55,61,153,129,66,64,63
GENE4311,20,23,11,13,7,21,10,6,9,28,18,10
GENE4312,117,100,63,81,34,157,121,154,105,168,122,182
GENE4313,15,16,18,13,15,29,19,9,25,20,25,16
GENE4314,14,28,17,36,13,35,18,47,19,9,39,8
GENE4315,42,81,47,57,35,64,51,93,60,48,72,20
GENE4316,25,38,22,28,12,8,18,17,15,25,8,41
GENE4317,2,12,14,5,6,11,15,22,10,13,10,7
GENE4318,22,20,16,30,12,26,21,27,25,16,21,3
GENE4319,16,28,10,18,14,26,27,26,9,20,18,12
GENE4320,19,115,55,52,31,27,65,102,48,82,70,68
GENE4321,145,225,128,244,26,139,142,86,91,136,87,86
GENE4322,62,97,122,191,46,169,91,100,52,225,93,81
GENE4323,9,24,19,22,5,21,8,23,5,15,22,6
GENE4324,25,56,56,32,15,24,20,29,15,25,28,25
GENE4325,64,123,99,212,62,55,118,87,51,77,154,64
GENE4326,1,3,1,1,0,1,4,4,1,4,1,3
GENE4327,122,196,293,272,149,298,126,361,272,154,137,178
GENE4328,403,649,241,245,214,293,322,141,215,361,500,298
GENE4329,173,103,139,132,64,125,233,153,61,162,162,133
GENE4330,0,0,1,2,2,4,3,1,2,2,3,1
GENE4331,75,55,68,71,46,82,54,156,38,54,55,50
GENE4332,0,3,5,1,0,3,5,3,4,2,4,3
GENE4333,201,205,178,170,103,181,98,131,283,378,219,431
GENE4334,0,3,5,0,2,2,1,2,2,5,3,3
GENE4335,5,5,1,6,2,5,3,1,5,3,1,3
GENE4336,59,84,92,178,63,54,48,66,59,89,92,66
GENE4337,3,4,4,5,2,15,6,2,4,6,1,5
GENE4338,1,2,5,3,1,4,2,1,3,3,2,3
GENE4339,7,7,3,12,8,12,8,7,6,6,7,5
GENE4340,93,87,120,192,26,98,53,180,40,35,106,89
GENE4341,3,13,9,16,2,19,2,12,4,7,10,8
GENE4342,11,6,15,15,1,6,2,16,3,9,11,5
GENE4343,30,84,59,123,39,75,12,10,9,13,10,8
GENE4344,85,34,48,65,18,34,60,53,11,50,63,94
GENE4345,162,304,426,154,296,206,409,507,197,480,500,379
GENE4346,100,234,302,346,112,182,149,352,192,124,234,171
GENE4347,29,31,53,25,17,15,54,21,23,37,32,40
GENE4348,7,8,28,17,9,26,9,32,20,18,22,17
GENE4349,256,167,318,182,131,373,213,221,151,624,246,155
GENE4350,23,19,17,21,12,11,28,23,26,18,15,17
GENE4351,4,6,7,6,8,14,14,9,3,6,6,7
GENE4352,101,38,85,140,66,161,108,75,79,48,165,93
GENE4353,27,26,25,15,4,17,23,50,11,9,13,19
GENE4354,5,5,8,2,2,7,0,10,3,7,0,3
GENE4355,102,274,46,145,90,90,53,115,140,130,175,98
GENE4356,188,112,321,193,173,194,260,315,123,191,194,135
GENE4357,9,3,4,19,2,5,44,76,21,35,55,65
GENE4358,13,7,33,45,8,31,20,18,16,47,62,21
GENE4359,32,31,16,37,19,31,1,17,9,17,9,9
GENE4360,33,27,14,63,45,49,289,274,113,260,68,79
GENE4361,22,18,14,29,9,29,24,31,20,18,7,37
GENE4362,4,2,4,2,6,3,8,8,2,1,8,4
GENE4363,37,59,33,26,13,60,46,109,57,62,28,52
GENE4364,29,26,24,21,26,12,13,77,11,13,23,32
GENE4365,16,52,60,52,40,107,29,97,28,46,93,57
GENE4366,121,149,128,108,101,218,42,92,48,53,40,36
GENE4367,81,185,114,221,92,100,74,316,109,413,294,120
GENE4368,58,128,53,85,59,137,70,150,94,74,70,86
GENE4369,0,4,1,0,2,0,1,4,2,4,9,3
GENE4370,10,3,5,4,6,20,11,12,12,9,4,7
GENE4371,37,91,63,63,21,93,121,86,53,102,54,40
GENE4372,246,98,202,283,93,201,70,99,37,35,17,46
GENE4373,7,7,6,10,3,20,3,18,5,8,8,11
GENE4374,8,28,19,28,17,12,0,2,1,0,1,3
GENE4375,671,521,980,1030,469,774,699,1612,392,1146,433,415
GENE4376,2,6,1,1,3,3,2,2,2,1,0,0
GENE4377,29,48,15,28,11,40,31,83,38,51,10,20
GENE4378,16,27,16,12,5,32,19,9,3,30,29,12
GENE4379,19,44,21,21,8,55,18,33,16,22,21,21
GENE4380,19,20,26,24,21,21,20,48,18,22,31,8
GENE4381,193,176,168,148,42,156,153,112,95,111,146,183
GENE4382,202,232,158,179,172,185,290,229,300,329,202,161
GENE4383,2313,6421,6793,5884,7342,9141,7600,5666,9801,10503,4937,5760
GENE4384,606,1270,1645,623,167,1680,411,518,453,515,516,369
GENE4385,47,71,55,58,22,38,52,66,37,37,45,31
GENE4386,35,112,55,165,13,79,60,75,123,85,61,35
GENE4387,121,259,414,581,221,212,464,313,170,534,309,166
GENE4388,3738,2636,2006,5920,1808,4126,3743,2567,3311,2660,4736,4327
GENE4389,45,55,26,38,25,39,47,61,14,43,28,31
GENE4390,67,122,146,64,79,141,104,162,93,136,154,29
GENE4391,15,22,31,39,32,18,19,77,33,66,48,61
GENE4392,279,491,295,364,130,707,418,543,358,125,196,419
GENE4393,4,11,10,11,2,7,5,10,7,4,2,6
GENE4394,53,55,47,190,41,16,27,80,57,83,74,59
GENE4395,3,8,9,9,6,3,3,5,3,14,5,6
GENE4396,34,133,65,89,54,113,96,51,49,141,92,68
GENE4397,62,136,168,204,185,302,376,166,75,143,135,157
GENE4398,23,9,18,28,21,17,47,32,11,32,22,33
GENE4399,14,25,28,23,25,31,60,55,23,28,25,19
GENE4400,338,164,326,304,197,520,272,341,126,277,457,385
GENE4401,30,72,55,61,21,79,34,65,27,46,22,10
GENE4402,112,107,101,56,55,159,99,212,75,66,95,165
GENE4403,15,20,19,34,27,68,70,80,76,94,70,41
GENE4404,7,19,6,10,14,11,12,21,5,27,13,20
GENE4405,9,22,17,27,6,13,81,145,300,236,203,214
GENE4406,944,395,1490,2001,350,2594,1163,2103,1455,2237,2257,1393
GENE4407,15,30,42,31,11,46,21,18,10,27,19,7
GENE4408,16,80,64,117,22,32,86,80,30,102,59,47
GENE4409,191,451,269,678,430,243,604,334,232,882,257,323
GENE4410,67,135,83,74,43,93,16,14,22,14,11,9
GENE4411,53,190,137,128,69,159,145,177,260,107,221,132
GENE4412,1105,2242,2767,1096,2075,2122,1354,819,1139,1302,833,453
GENE4413,153,250,303,292,66,148,261,379,155,203,250,235
GENE4414,12,14,12,13,5,22,13,14,10,4,10,15
GENE4415,124,198,231,179,153,124,144,76,169,113,149,133
GENE4416,28,12,10,25,12,14,9,28,14,42,22,27
GENE4417,11,7,12,41,10,39,37,38,32,23,21,35
GENE4418,161,313,192,298,196,117,205,428,318,257,242,188
GENE4419,48,90,69,41,37,30,44,127,61,65,45,20
GENE4420,29,57,20,28,21,47,21,54,10,61,40,17
GENE4421,26,16,24,20,20,34,20,25,25,29,1,37
GENE4422,24,66,73,119,83,76,70,124,28,45,54,39
GENE4423,19,49,49,28,8,22,48,50,16,22,53,29
GENE4424,351,332,142,253,130,597,384,242,203,211,222,101
GENE4425,95,64,89,49,25,80,33,188,63,73,69,60
GENE4426,42,63,50,46,26,36,67,34,28,37,37,43
GENE4427,4197,5089,4598,6947,6924,6540,6128,14098,5003,3736,14119,12030
GENE4428,131,116,153,106,40,123,80,62,54,56,85,62
GENE4429,14,25,13,18,10,7,18,34,23,34,25,17
GENE4430,4,2,2,6,2,2,6,10,8,2,8,3
GENE4431,8,9,10,13,6,9,1,8,13,7,8,7
GENE4432,4,10,4,5,4,4,5,10,5,5,9,9
GENE4433,46,49,59,116,31,58,29,140,34,22,32,38
GENE4434,35,101,17,55,34,64,38,126,25,72,53,87
GENE4435,53,105,142,115,107,177,128,114,138,135,207,129
GENE4436,5,8,2,21,13,6,10,6,9,7,4,6
GENE4437,25,34,30,25,22,29,17,36,9,69,31,18
GENE4438,18,23,24,22,21,16,11,43,20,30,18,25
GENE4439,784,1507,431,806,416,666,1297,887,361,1154,686,510
GENE4440,56,52,53,164,44,32,93,40,63,56,89,43
GENE4441,50,88,153,117,99,106,147,110,56,93,130,158
GENE4442,282,253,74,325,325,302,318,210,583,319,109,219
GENE4443,63,25,93,138,33,98,22,87,69,69,74,65
GENE4444,51,20,50,87,50,39,63,85,43,84,42,29
GENE4445,16,18,23,56,10,19,13,24,32,25,30,9
GENE4446,23,20,32,28,10,40,33,52,30,16,27,14
GENE4447,33,89,38,39,17,32,39,75,10,48,66,48
GENE4448,30,34,39,41,19,43,29,9,52,83,45,47
GENE4449,17,35,42,62,21,66,18,11,71,45,14,47
GENE4450,1790,1183,1225,597,367,1400,677,1782,967,639,849,1838
GENE4451,5,6,10,7,4,3,7,4,10,10,2,4
GENE4452,0,2,2,2,1,8,0,7,1,1,0,1
GENE4453,111,120,64,115,63,61,75,126,61,44,60,108
GENE4454,492,1113,189,1028,66,231,278,505,553,398,522,649
GENE4455,21,74,45,37,18,69,31,51,56,25,50,35
GENE4456,54,253,133,149,110,210,204,326,121,316,166,117
GENE4457,653,567,759,1368,492,488,480,853,750,889,659,620
GENE4458,31,24,30,58,35,49,45,36,33,25,20,11
GENE4459,55,58,52,93,40,66,42,85,45,115,53,32
GENE4460,7,16,14,23,3,12,22,18,16,18,7,7
GENE4461,14,13,31,5,9,15,23,12,15,23,30,17
GENE4462,36,16,19,13,5,20,36,33,9,23,36,45
GENE4463,115,233,94,169,87,174,167,507,154,175,263,101
GENE4464,835,503,373,619,260,266,487,421,515,959,554,513
GENE4465,165,172,212,211,139,189,179,231,104,301,153,96
GENE4466,8,4,16,15,12,6,85,89,84,189,73,70
GENE4467,6,19,25,16,10,15,1,0,2,3,0,3
GENE4468,15,13,16,33,14,34,21,22,23,27,58,19
GENE4469,45,55,96,90,32,34,69,286,59,87,117,57
GENE4470,104,102,109,188,81,107,134,88,49,170,118,149
GENE4471,1,6,3,6,3,3,2,5,1,2,6,2
GENE4472,6,14,5,7,14,23,7,9,9,13,14,16
GENE4473,741,1065,784,1222,640,1807,575,1206,1122,441,1352,1207
GENE4474,51,118,123,101,85,160,137,223,80,101,149,100
GENE4475,59,155,56,82,111,92,28,98,76,103,149,178
GENE4476,3,5,14,9,0,13,2,2,0,1,1,0
GENE4477,236,336,71,152,393,431,413,382,237,266,365,150
GENE4478,107,122,259,391,90,65,187,270,116,141,73,107
GENE4479,5,9,6,1,7,12,2,7,4,4,5,3
GENE4480,6,11,7,11,4,14,3,12,2,3,8,6
GENE4481,82,147,228,235,109,106,125,229,158,206,109,147
GENE4482,1,6,10,5,8,7,15,9,1,9,4,12
GENE4483,122,79,89,193,105,135,200,201,139,178,174,155
GENE4484,32,43,20,13,21,28,16,18,11,28,14,19
GENE4485,90,250,89,141,69,231,180,221,98,288,231,114
GENE4486,262,591,263,214,110,255,162,368,108,495,142,134
GENE4487,1004,1941,1514,1311,1168,1678,713,713,1093,854,588,858
GENE4488,4,0,2,0,1,2,3,9,2,2,3,3
GENE4489,4,11,6,4,3,6,5,12,2,6,5,2
GENE4490,14,64,36,51,8,74,25,88,34,37,84,27
GENE4491,610,504,926,770,434,657,659,892,307,847,344,706
GENE4492,128,71,172,110,90,252,70,271,95,92,137,108
GENE4493,1,5,2,10,5,5,5,8,4,8,5,6
GENE4494,294,241,283,278,187,270,331,289,95,263,449,222
GENE4495,31,32,38,32,32,47,21,44,35,45,35,26
GENE4496,378,662,741,448,192,491,352,448,338,520,327,353
GENE4497,5,12,6,15,1,17,2,20,6,5,9,3
GENE4498,229,120,243,186,50,349,141,226,171,189,191,123
GENE4499,378,581,675,499,438,433,258,1442,349,312,428,498
GENE4500,3,20,12,11,4,6,4,5,7,7,12,16
GENE4501,77,78,51,147,44,128,112,164,41,16,19,76
GENE4502,94,223,86,90,108,109,73,78,128,66,42,71
GENE4503,73,95,147,92,25,50,9,45,20,35,40,20
GENE4504,16,11,11,16,7,35,7,6,10,20,20,15
GENE4505,215,270,92,391,175,352,101,357,212,254,413,173
GENE4506,9,9,10,17,2,19,9,14,8,23,2,11
GENE4507,52,113,48,70,54,95,62,36,24,45,58,60
GENE4508,132,80,156,110,69,107,341,380,254,401,743,722
GENE4509,80,97,145,217,95,121,76,112,65,61,80,114
GENE4510,95,219,56,132,57,137,219,659,267,375,271,328
GENE4511,2,3,2,1,0,1,1,2,4,3,4,0
GENE4512,0,1,5,3,1,3,5,4,2,5,3,1
GENE4513,57,36,53,43,31,94,65,33,59,222,25,142
GENE4514,85,112,56,55,44,100,109,88,48,103,61,88
GENE4515,326,420,1017,762,345,390,670,844,298,849,437,252
GENE4516,66,53,12,67,35,45,16,59,29,26,49,43
GENE4517,12,71,50,45,28,75,53,41,24,48,20,21
GENE4518,2,6,7,12,4,14,1,8,2,2,5,5
GENE4519,97,121,160,135,36,126,84,65,57,112,83,45
GENE4520,435,577,367,635,268,591,874,819,605,409,479,543
GENE4521,27,45,19,23,12,34,23,44,21,34,23,22
GENE4522,160,37,197,208,69,83,95,140,167,144,134,138
GENE4523,569,240,293,178,159,470,3240,3631,2839,3633,1944,2925
GENE4524,163,467,260,532,123,419,174,673,268,406,209,199
GENE4525,194,162,599,397,201,118,302,147,238,219,192,362
GENE4526,222,222,248,107,161,349,163,161,158,123,71,75
GENE4527,1,3,4,5,2,3,3,4,3,7,3,1
GENE4528,1,1,3,0,1,0,11,26,17,3,15,16
GENE4529,78,95,108,114,30,75,164,212,35,166,54,59
GENE4530,3,5,6,6,2,1,6,5,0,3,0,0
GENE4531,183,264,326,217,342,391,383,283,187,198,245,124
GENE4532,16,2,13,35,16,32,17,27,21,35,31,23
GENE4533,1,3,5,9,6,4,4,7,3,7,6,6
GENE4534,101,224,270,281,92,119,246,516,386,523,425,223
GENE4535,9,16,20,32,22,19,3,7,1,4,5,2
GENE4536,6,16,14,11,8,11,5,7,2,7,10,10
GENE4537,77,122,142,194,87,167,199,84,109,367,100,164
GENE4538,34,11,26,57,39,32,21,82,32,17,11,22
GENE4539,7,3,6,9,3,9,9,12,8,15,6,9
GENE4540,11,13,9,13,3,11,6,18,7,20,6,2
GENE4541,3,6,1,14,1,1,1,9,1,2,4,4
GENE4542,200,526,970,665,167,585,884,1216,633,1042,435,571
GENE4543,258,915,727,303,201,588,827,629,353,546,612,202
GENE4544,23,90,35,32,43,63,36,41,27,47,38,84
GENE4545,23,8,9,14,5,11,14,18,11,11,18,21
GENE4546,184,73,59,118,106,80,1167,1292,561,566,423,1091
GENE4547,17,56,20,38,28,32,24,66,6,14,21,39
GENE4548,227,93,235,173,113,202,176,133,257,363,197,95
GENE4549,159,145,127,225,119,76,114,309,114,218,166,185
GENE4550,98,58,48,55,39,74,81,89,9,119,29,74
GENE4551,32,43,44,70,26,66,23,39,11,20,12,24
GENE4552,147,121,151,136,37,80,132,192,162,111,115,152
GENE4553,36,69,50,61,58,71,33,36,69,18,87,18
GENE4554,1,4,7,3,1,3,1,7,0,4,1,3
GENE4555,103,85,79,84,55,106,66,53,34,157,39,46
GENE4556,960,796,674,1388,508,1050,1132,1035,760,536,918,642
GENE4557,29,38,38,42,16,15,33,23,52,8,23,18
GENE4558,22,53,32,89,57,84,32,280,58,40,98,37
GENE4559,17,35,40,23,23,24,15,21,25,28,22,41
GENE4560,53,89,82,84,108,62,108,95,53,81,66,153
GENE4561,37,16,25,25,15,37,206,179,89,234,147,166
GENE4562,3046,1888,2356,1228,2269,3041,2432,2005,943,2762,2130,1971
GENE4563,61,156,136,172,35,133,76,117,147,133,78,101
GENE4564,22,48,58,73,60,86,63,126,19,43,18,51
GENE4565,73,68,128,97,38,117,69,98,82,49,116,69
GENE4566,23,56,98,58,42,94,54,47,22,29,87,81
GENE4567,548,508,485,509,258,324,943,757,282,1115,564,588
GENE4568,9,16,8,20,5,32,15,51,9,13,15,14
GENE4569,14,21,17,19,7,30,8,14,13,17,6,12
GENE4570,131,210,83,41,78,123,181,141,45,190,125,100
GENE4571,6,29,65,29,15,60,23,47,28,53,31,79
GENE4572,3,31,30,29,11,15,20,22,27,15,15,20
GENE4573,0,2,0,1,0,0,1,3,2,1,0,2
GENE4574,33,39,76,20,27,151,10,8,8,15,14,8
GENE4575,4,27,25,20,11,22,24,28,34,26,22,19
GENE4576,364,111,108,211,84,745,162,740,300,481,219,258
GENE4577,8,15,12,14,5,7,7,18,2,12,5,9
GENE4578,35,176,103,58,72,162,66,80,187,43,108,133
GENE4579,61,94,113,68,22,55,6,38,30,66,51,12
GENE4580,16,12,15,20,14,22,16,17,22,26,26,22
GENE4581,154,586,533,495,182,463,260,683,111,250,360,402
GENE4582,697,241,425,610,183,390,223,225,108,275,138,64
GENE4583,18,56,24,46,15,33,39,43,37,45,44,38
GENE4584,59,29,30,34,39,36,64,209,96,179,64,110
GENE4585,2,4,4,6,1,2,2,2,3,2,2,4
GENE4586,184,259,312,318,153,244,202,593,355,391,238,255
GENE4587,17,19,63,20,5,44,76,272,122,145,256,170
GENE4588,226,188,205,419,143,432,227,574,212,410,281,225
GENE4589,11,26,26,14,16,31,41,31,26,30,13,30
GENE4590,126,72,178,85,84,181,98,151,127,192,79,95
GENE4591,102,110,156,110,47,168,134,86,74,264,105,129
GENE4592,106,114,73,200,57,89,82,209,162,178,135,73
GENE4593,17,40,30,26,15,40,38,51,12,27,8,57
GENE4594,11,36,28,24,16,9,15,7,12,18,36,15
GENE4595,8,9,5,13,9,17,12,16,10,26,10,9
GENE4596,11,59,93,110,37,89,54,144,59,110,41,66
GENE4597,5,30,16,17,6,11,2,6,14,27,5,9
GENE4598,84,158,44,68,29,151,79,104,162,164,149,109
GENE4599,1,5,4,3,1,9,0,0,0,0,0,0
GENE4600,230,517,575,461,805,559,543,911,407,502,636,399
GENE4601,94,190,99,170,83,88,177,133,145,43,71,147
GENE4602,67,29,113,99,38,152,32,71,32,86,47,68
GENE4603,11,14,23,11,6,22,20,13,18,4,21,17
GENE4604,5,21,12,6,6,12,14,9,14,26,17,7
GENE4605,42,23,18,38,20,35,35,13,22,18,18,21
GENE4606,181,154,151,147,153,94,127,164,255,121,161,81
GENE4607,50,101,102,99,34,100,92,87,67,10,29,11
GENE4608,40,273,64,50,60,119,114,161,145,181,49,67
GENE4609,172,169,205,137,423,172,136,553,155,181,214,151
GENE4610,113,122,150,221,60,206,208,146,96,125,185,235
GENE4611,87,144,116,94,81,236,285,240,167,277,191,140
GENE4612,40,65,29,99,17,70,28,102,58,61,80,92
GENE4613,6,9,18,5,15,10,13,23,10,6,16,22
GENE4614,267,344,435,643,546,861,541,230,262,592,577,649
GENE4615,248,544,376,906,319,1136,257,448,185,530,289,434
GENE4616,0,3,3,1,2,7,5,4,2,3,4,1
GENE4617,32,35,52,30,21,33,32,23,18,21,30,15
GENE4618,1805,3004,2112,1463,1260,3279,2042,4041,1121,2415,2381,3248
GENE4619,443,474,595,361,121,828,375,1051,504,634,522,181
GENE4620,442,323,392,140,260,436,134,400,336,289,525,431
GENE4621,1,3,5,3,3,1,3,5,2,2,3,2
GENE4622,33,14,39,70,34,32,33,52,16,19,33,65
GENE4623,8,23,14,5,6,27,5,39,8,30,33,22
GENE4624,16,30,53,48,26,63,176,284,191,332,191,236
GENE4625,17,59,40,48,43,39,22,37,41,57,52,38
GENE4626,124,144,217,375,136,432,41,23,18,29,25,23
GENE4627,15,39,20,43,18,22,47,44,22,43,19,14
GENE4628,61,15,42,67,13,15,29,34,17,26,19,32
GENE4629,11,16,11,19,6,7,17,10,11,14,11,8
GENE4630,2,7,8,6,2,6,36,12,20,10,23,36
GENE4631,84,66,53,195,37,58,145,119,62,71,67,86
GENE4632,128,202,390,303,175,257,206,378,320,255,183,240
GENE4633,31,114,21,39,53,37,21,60,46,48,52,22
GENE4634,361,721,673,140,483,769,260,733,438,535,481,848
GENE4635,17,33,33,23,23,26,102,95,27,197,108,199
GENE4636,98,189,71,158,57,137,183,60,58,164,104,85
GENE4637,4,0,7,4,1,1,3,3,5,5,6,3
GENE4638,60,129,154,85,50,123,103,79,65,69,76,62
GENE4639,334,426,990,983,679,1600,874,1963,772,971,514,437
GENE4640,18,24,13,11,22,9,9,21,17,14,17,14
GENE4641,36,166,132,50,96,90,47,121,30,232,62,184
GENE4642,93,107,170,216,59,94,56,64,71,95,125,72
GENE4643,22,69,48,31,13,41,12,39,30,28,58,24
GENE4644,53,47,48,74,34,61,77,140,40,74,59,95
GENE4645,27,40,19,21,31,55,36,46,30,55,54,37
GENE4646,8,24,21,17,10,18,13,12,9,12,20,3
GENE4647,61,16,35,83,21,86,16,60,29,29,82,40
GENE4648,47,32,18,70,28,29,31,28,36,40,33,29
GENE4649,48,64,40,121,56,44,30,38,27,52,33,62
GENE4650,0,2,2,5,1,1,4,5,3,3,2,2
GENE4651,16,17,19,20,22,9,16,27,15,27,18,21
GENE4652,199,145,354,374,236,548,1116,1649,565,673,167,571
GENE4653,183,150,166,116,106,209,148,190,144,138,224,106
GENE4654,172,206,340,186,162,491,307,752,383,505,265,435
GENE4655,28,47,42,50,9,76,64,59,14,60,32,57
GENE4656,193,293,399,173,233,207,81,153,145,205,214,508
GENE4657,338,1145,484,1143,610,419,533,1933,163,917,350,731
GENE4658,23,35,48,26,37,43,30,42,17,33,26,34
GENE4659,65,90,42,58,17,69,35,58,32,69,71,21
GENE4660,5450,8595,9607,7658,3227,8238,8697,6504,3906,7669,5819,5227
GENE4661,7,18,19,41,30,22,40,23,17,20,23,18
GENE4662,2,0,2,6,1,2,5,6,0,3,2,2
GENE4663,269,1231,368,656,233,905,213,565,498,326,842,427
GENE4664,59,73,138,91,46,67,76,41,43,82,91,120
GENE4665,3,4,4,7,3,3,15,9,6,43,13,10
GENE4666,5,5,1,10,6,13,12,8,3,5,4,3
GENE4667,47,58,78,127,66,113,144,180,61,156,47,55
GENE4668,4,6,7,3,2,1,1,15,7,7,3,6
GENE4669,3,18,16,13,8,17,13,13,3,11,8,14
GENE4670,6,4,4,3,3,1,2,5,0,6,3,3
GENE4671,53,64,33,119,49,69,56,52,29,70,77,28
GENE4672,42,34,53,37,9,128,40,116,38,51,48,35
GENE4673,1,4,0,2,3,4,2,2,4,5,3,0
GENE4674,303,375,435,247,508,928,790,1199,412,675,459,549
GENE4675,2,7,9,3,17,20,11,15,8,13,7,9
GENE4676,8,32,33,10,9,35,8,38,25,29,15,24
GENE4677,854,665,1920,1806,1423,992,1146,1091,800,959,1754,1044
GENE4678,69,47,36,52,16,41,34,16,26,23,40,22
GENE4679,28,31,21,21,13,24,30,46,27,20,9,21
GENE4680,26,20,20,25,7,49,15,35,20,21,9,16
GENE4681,223,168,59,128,106,133,148,213,221,259,104,189
GENE4682,16,20,13,33,16,20,32,25,23,25,15,8
GENE4683,0,0,5,0,2,2,0,5,5,5,7,5
GENE4684,2,9,7,0,13,10,6,2,4,7,9,5
GENE4685,10,21,12,13,5,13,8,29,9,15,10,12
GENE4686,51,50,17,32,18,40,19,26,24,38,50,21
GENE4687,4,6,4,3,4,4,5,6,0,1,7,6
GENE4688,109,79,34,64,12,18,54,78,14,136,76,48
GENE4689,16,9,19,19,16,31,207,249,243,148,184,180
GENE4690,8,19,12,14,3,9,7,8,6,11,13,3
GENE4691,48,26,27,19,18,32,39,80,21,57,61,29
GENE4692,814,971,1282,737,511,1202,1360,1130,1021,1217,776,995
GENE4693,33,39,36,21,8,38,32,34,9,26,19,25
GENE4694,30,39,45,66,29,16,145,553,277,273,154,121
GENE4695,186,456,198,237,169,289,290,328,139,310,104,58
GENE4696,16,43,48,31,36,25,39,63,18,23,17,47
GENE4697,76,109,190,72,47,92,81,100,36,40,74,45
GENE4698,75,95,117,212,80,127,126,82,55,119,114,84
GENE4699,2,5,6,4,4,19,4,7,3,6,8,11
GENE4700,69,223,126,158,131,90,89,132,139,161,31,86
GENE4701,16,24,25,14,7,19,10,31,6,17,13,4
GENE4702,8,43,30,17,12,17,35,28,19,22,27,25
GENE4703,39,38,87,108,37,71,32,44,34,58,28,40
GENE4704,5,10,11,6,3,9,12,16,3,6,5,3
GENE4705,95,202,61,252,95,191,102,154,55,163,155,88
GENE4706,138,197,272,293,122,362,214,355,175,139,175,116
GENE4707,1409,3238,3409,3189,2517,3382,2998,1997,1074,1223,2508,2402
GENE4708,14,17,11,4,12,25,24,8,4,32,44,18
GENE4709,17,20,21,39,16,56,141,135,109,80,99,103
GENE4710,471,1054,353,994,331,819,769,1085,730,725,932,1621
GENE4711,1,2,4,7,2,2,0,2,4,3,4,3
GENE4712,5,26,7,25,12,18,11,14,21,16,7,9
GENE4713,305,620,701,959,397,726,487,463,606,605,361,617
GENE4714,15,18,15,6,11,8,15,32,4,10,8,14
GENE4715,2714,2760,1200,583,2121,2644,2145,1814,1557,2878,1393,1498
GENE4716,16,20,37,30,10,24,5,7,22,12,17,19
GENE4717,11,11,7,8,3,11,13,8,7,8,9,6
GENE4718,58,105,29,71,43,78,45,99,39,31,51,30
GENE4719,33,65,74,58,21,44,61,90,30,106,84,28
GENE4720,17,20,32,6,26,13,17,41,13,22,36,39
GENE4721,20,20,11,9,18,18,21,39,17,32,21,27
GENE4722,26,99,34,32,32,95,49,96,56,45,25,51
GENE4723,20,20,6,15,6,19,20,25,16,32,16,16
GENE4724,8,9,4,13,9,15,14,7,7,17,15,6
GENE4725,29,36,44,70,31,61,38,31,58,55,37,63
GENE4726,34,23,62,55,28,77,22,34,11,30,15,42
GENE4727,0,5,5,2,0,11,8,1,2,4,3,3
GENE4728,73,84,119,135,28,85,92,87,78,45,55,91
GENE4729,42,24,19,40,15,25,30,57,53,30,46,29
GENE4730,415,391,357,562,300,595,230,765,290,174,420,516
GENE4731,18,35,9,35,9,28,30,37,21,23,14,11
GENE4732,10,12,3,9,6,11,6,9,2,7,6,11
GENE4733,6,8,14,22,13,24,56,44,37,66,32,29
GENE4734,331,288,254,344,211,218,305,500,236,244,199,627
GENE4735,81,227,234,166,72,119,126,142,88,99,62,59
GENE4736,25,17,84,28,27,27,43,63,18,122,59,33
GENE4737,11,7,6,3,6,15,4,10,1,3,2,4
GENE4738,26,10,21,17,13,16,33,19,4,8,18,17
GENE4739,51,79,37,93,41,42,51,61,28,47,37,6
GENE4740,110,185,62,102,65,119,114,200,151,97,69,143
GENE4741,12,20,31,12,26,42,7,22,9,10,17,5
GENE4742,260,584,483,538,142,330,992,1624,1760,2671,2723,1392
GENE4743,29,35,22,65,24,69,51,22,21,44,26,22
GENE4744,103,201,534,354,156,352,205,663,405,324,276,383
GENE4745,5,5,3,7,2,8,5,8,3,19,3,15
GENE4746,94,254,122,134,103,187,154,128,147,115,200,125
GENE4747,29,36,13,40,8,25,8,46,24,27,22,12
GENE4748,0,2,3,8,1,9,1,3,2,2,1,0
GENE4749,105,266,161,121,179,170,106,62,93,59,114,186
GENE4750,20,30,18,17,13,30,25,37,10,22,14,17
GENE4751,267,189,151,193,167,414,80,176,393,271,358,250
GENE4752,8,16,2,16,3,11,6,9,7,8,23,6
GENE4753,55,31,70,21,49,42,53,73,36,58,35,32
GENE4754,93,69,58,147,33,183,77,58,74,125,106,56
GENE4755,1,4,1,5,3,4,4,5,1,8,3,5
GENE4756,17,32,7,28,27,15,30,56,27,17,23,37
GENE4757,63,177,232,95,133,261,843,864,426,1784,748,1222
GENE4758,6,3,14,9,5,16,15,22,11,6,24,5
GENE4759,23,15,7,26,21,24,20,17,22,19,9,15
GENE4760,166,193,367,295,85,315,163,243,104,225,156,134
GENE4761,6012,2586,4852,4895,3553,6248,6763,8600,3439,3350,6703,7157
GENE4762,20,25,14,54,14,19,19,36,10,8,19,16
GENE4763,90,65,74,33,86,194,81,139,40,37,42,52
GENE4764,22,23,5,32,1,45,10,18,12,25,7,8
GENE4765,356,462,469,606,86,907,780,545,498,524,294,450
GENE4766,21,14,41,38,7,24,31,20,6,13,19,16
GENE4767,32,130,105,45,79,109,103,103,59,45,83,65
GENE4768,210,410,508,181,209,520,326,403,424,421,261,387
GENE4769,2,8,11,10,2,19,18,27,4,23,18,9
GENE4770,67,171,180,115,50,150,133,298,89,97,97,103
GENE4771,33,25,25,20,10,58,31,39,47,33,27,4
GENE4772,1,2,1,9,7,6,20,41,18,44,20,15
GENE4773,8,15,29,11,13,3,22,13,10,22,21,39
GENE4774,69,64,58,63,14,42,43,54,32,26,14,32
GENE4775,9,15,16,28,4,16,23,30,20,21,25,22
GENE4776,161,334,87,221,206,163,165,339,112,326,230,203
GENE4777,20,18,31,14,29,62,19,58,20,11,18,49
GENE4778,98,81,81,60,55,75,43,39,52,122,45,42
GENE4779,103,73,138,69,67,238,198,172,64,133,43,70
GENE4780,1104,1833,1216,2437,835,848,1652,2730,1461,1043,1415,2481
GENE4781,128,266,136,200,106,142,208,274,38,99,226,117
GENE4782,15,4,15,11,4,10,30,10,13,20,24,13
GENE4783,338,347,780,764,594,896,614,1378,361,156,948,633
GENE4784,86,82,108,117,46,73,44,62,58,45,44,49
GENE4785,39,97,73,81,85,135,389,707,600,720,395,235
GENE4786,5,11,9,12,3,8,0,15,6,6,2,7
GENE4787,5,24,64,42,14,48,17,73,26,44,50,40
GENE4788,37,83,56,124,93,105,60,180,84,90,61,80
GENE4789,2,6,1,8,5,2,3,3,2,1,6,0
GENE4790,20,36,15,41,7,18,45,25,17,37,10,35
GENE4791,35,65,52,50,23,44,51,102,23,55,46,47
GENE4792,11,29,25,14,13,26,9,21,6,19,25,27
GENE4793,410,200,188,491,210,347,487,277,229,547,875,353
GENE4794,488,732,795,541,533,462,917,1355,1115,580,620,325
GENE4795,5,3,3,10,6,5,6,6,5,8,5,6
GENE4796,3,1,0,2,3,3,1,1,1,1,2,2
GENE4797,2,16,3,7,3,10,3,4,3,6,10,4
GENE4798,282,534,353,727,303,606,699,637,296,872,847,255
GENE4799,9,11,3,3,6,6,9,14,5,5,3,6
GENE4800,43,22,22,62,14,35,42,24,13,16,44,50
GENE4801,480,351,317,709,121,235,654,416,230,414,286,724
GENE4802,67,219,104,296,194,302,295,936,429,293,484,538
GENE4803,150,229,145,254,204,260,257,401,162,122,128,178
GENE4804,42,48,68,49,38,60,42,97,17,85,78,78
GENE4805,1864,2090,1365,1847,413,1285,1940,4333,395,1099,890,789
GENE4806,14,21,27,18,10,50,14,20,11,31,25,19
GENE4807,1,14,9,12,10,8,5,10,4,6,11,9
GENE4808,62,59,29,105,52,34,70,50,41,55,51,34
GENE4809,4397,6750,3221,4206,4142,5206,4183,4650,3065,3789,4854,7509
GENE4810,755,741,747,238,796,819,657,828,392,727,640,738
GENE4811,11,36,30,51,16,44,32,66,12,25,30,13
GENE4812,4,3,6,4,0,8,7,8,3,7,4,2
GENE4813,30,53,57,45,40,125,39,75,38,71,54,86
GENE4814,150,117,142,122,88,182,172,127,96,165,143,226
GENE4815,216,87,125,139,145,168,219,109,29,170,168,70
GENE4816,19,42,32,62,15,59,244,374,237,389,278,440
GENE4817,8,13,7,9,3,18,21,9,6,27,10,7
GENE4818,25,27,35,18,21,17,24,21,10,21,25,8
GENE4819,133,83,153,97,57,81,73,93,73,130,110,169
GENE4820,316,501,324,339,286,724,467,431,562,492,503,138
GENE4821,421,134,288,371,215,305,188,329,134,541,357,233
GENE4822,10,46,44,46,23,27,28,28,25,46,50,26
GENE4823,28,59,20,31,16,18,37,17,32,51,30,18
GENE4824,231,285,161,242,308,270,398,243,170,218,447,392
GENE4825,280,485,244,211,56,368,291,272,235,408,366,349
GENE4826,76,129,171,129,83,195,234,135,93,97,95,110
GENE4827,2,0,1,3,0,4,0,0,0,0,0,0
GENE4828,3,5,4,12,5,13,16,6,8,17,19,2
GENE4829,69,270,164,235,118,250,147,95,161,211,125,222
GENE4830,342,707,417,489,73,207,197,168,218,663,210,319
GENE4831,136,118,164,146,75,143,62,104,42,73,109,98
GENE4832,36,79,59,81,78,63,89,80,60,41,49,62
GENE4833,26,51,64,35,32,49,33,73,24,78,52,43
GENE4834,91,66,107,118,41,170,70,203,43,66,148,56
GENE4835,5,8,4,0,1,8,7,8,6,4,7,3
GENE4836,10,21,14,19,6,9,17,23,5,19,10,21
GENE4837,110,186,152,185,57,293,81,182,94,68,132,94
GENE4838,41,28,25,18,18,61,31,76,17,33,60,33
GENE4839,59,53,20,49,29,20,38,30,22,38,32,40
GENE4840,16,68,66,46,20,67,45,53,85,89,35,22
GENE4841,56,149,153,71,47,97,43,72,110,49,54,113
GENE4842,13,31,31,13,5,31,28,26,14,18,24,22
GENE4843,9,12,9,18,6,20,14,18,10,15,13,12
GENE4844,64,40,122,109,53,132,61,69,37,110,67,74
GENE4845,1,3,3,7,3,5,11,11,4,11,6,10
GENE4846,11,55,40,87,11,57,58,44,48,29,23,33
GENE4847,5,2,3,4,0,5,10,5,7,7,1,7
GENE4848,168,204,259,271,203,238,211,171,75,172,266,271
GENE4849,2132,3110,2100,2513,1098,3307,2461,1252,1891,1970,2231,2155
GENE4850,2,10,13,6,5,11,9,3,14,2,11,5
GENE4851,176,265,273,200,101,109,281,231,353,203,311,187
GENE4852,15,16,14,29,25,33,25,9,23,45,13,18
GENE4853,16,19,25,13,11,29,17,31,12,29,38,14
GENE4854,16,23,34,28,8,14,26,40,14,23,35,29
GENE4855,106,93,101,89,70,114,77,137,62,122,48,60
GENE4856,61,65,137,355,43,127,88,71,117,80,121,156
GENE4857,14,14,32,38,16,9,5,16,20,6,8,24
GENE4858,9,23,8,31,13,13,24,17,8,41,13,14
GENE4859,99,471,161,387,194,524,287,445,130,662,319,272
GENE4860,455,237,713,598,333,1067,173,619,381,277,317,463
GENE4861,8,15,8,16,8,8,11,9,13,25,5,9
GENE4862,20,38,17,42,17,26,16,50,17,18,17,41
GENE4863,118,248,357,291,120,451,310,319,131,534,280,152
GENE4864,897,1430,1551,3596,756,1922,1595,1729,705,1487,1140,1570
GENE4865,81,153,58,98,70,51,73,89,74,97,69,104
GENE4866,55,100,118,129,50,84,146,160,138,72,142,122
GENE4867,17,20,11,20,9,14,13,24,14,14,10,2
GENE4868,276,439,355,151,229,208,227,107,201,309,197,187
GENE4869,90,97,241,122,80,157,91,62,22,210,49,53
GENE4870,15,31,46,38,17,62,28,18,37,12,22,19
GENE4871,36,51,28,55,12,39,33,16,32,74,46,72
GENE4872,738,3114,1664,1807,1444,2946,507,1359,448,604,257,821
GENE4873,981,1308,486,346,377,620,459,275,479,898,332,615
GENE4874,364,234,719,798,355,972,815,810,529,620,159,483
GENE4875,6,20,10,16,10,6,36,11,10,12,18,24
GENE4876,2,7,3,6,7,10,17,7,5,3,4,16
GENE4877,3,6,4,2,7,2,2,3,6,11,6,2
GENE4878,115,186,125,130,86,208,177,184,246,244,140,52
GENE4879,6,12,15,11,3,6,8,11,11,7,10,9
GENE4880,4,9,3,8,10,28,12,15,5,10,15,12
GENE4881,381,226,364,320,115,299,3351,2679,4299,1223,1053,2733
GENE4882,2,1,2,4,1,2,0,1,1,0,0,2
GENE4883,117,145,111,120,137,137,61,146,173,177,96,101
GENE4884,7,11,11,8,7,5,12,9,3,6,13,1
GENE4885,47,59,54,75,49,37,90,57,59,55,28,64
GENE4886,2073,1132,1869,2577,1351,1640,1809,3281,932,1542,1598,1461
GENE4887,65,67,130,60,104,85,48,128,95,130,60,109
GENE4888,14,30,52,22,22,40,18,85,22,32,63,13
GENE4889,32,35,27,51,11,58,49,81,33,35,40,17
GENE4890,3,28,63,48,23,31,31,103,14,87,16,34
GENE4891,10,13,15,30,27,13,26,17,17,30,17,34
GENE4892,1,4,5,1,2,1,2,4,1,2,4,5
GENE4893,6,12,10,19,7,15,18,34,9,10,17,8
GENE4894,355,437,564,1020,185,632,342,407,326,363,805,581
GENE4895,245,1263,284,642,233,448,335,385,740,459,200,262
GENE4896,72,114,144,110,85,133,128,67,102,283,142,78
GENE4897,39,56,44,59,46,75,65,37,37,75,81,61
GENE4898,61,256,197,153,118,107,179,188,94,176,57,143
GENE4899,63,56,69,123,72,44,43,75,28,110,52,112
GENE4900,43,163,78,68,41,173,143,246,108,129,94,66
GENE4901,352,611,382,546,490,924,488,785,716,1030,639,498
GENE4902,381,208,393,233,135,511,334,1017,152,562,672,265
GENE4903,24,41,42,30,36,55,29,41,31,57,23,19
GENE4904,9,18,15,14,15,29,21,23,15,8,12,11
GENE4905,0,3,4,6,5,1,3,6,2,2,5,5
GENE4906,12,11,18,15,6,24,47,69,16,23,31,22
GENE4907,15,33,50,47,26,43,89,171,48,81,186,215
GENE4908,19,46,39,63,16,25,19,56,28,73,29,22
GENE4909,30,72,86,39,57,42,45,28,43,51,100,30
GENE4910,104,89,170,134,48,110,142,79,122,99,95,52
GENE4911,243,219,228,242,131,165,276,197,137,369,272,352
GENE4912,3,10,6,7,2,3,2,7,8,7,4,4
GENE4913,4,19,7,11,22,7,12,18,6,12,13,7
GENE4914,6,16,6,13,10,21,2,15,17,11,11,6
GENE4915,170,211,153,209,78,106,150,210,126,222,150,131
GENE4916,786,848,772,698,636,2264,786,1442,1645,1011,930,392
GENE4917,71,163,80,101,36,78,21,107,65,50,87,66
GENE4918,101,134,129,86,86,58,81,72,74,61,69,123
GENE4919,21,32,27,43,13,15,11,34,18,26,32,18
GENE4920,13,19,5,13,9,14,12,10,17,6,16,5
GENE4921,10,27,28,16,2,18,9,18,14,25,15,16
GENE4922,388,718,740,863,369,154,951,769,607,1102,479,590
GENE4923,18,29,27,27,32,119,78,51,28,44,30,29
GENE4924,32,51,36,30,19,54,67,25,34,118,67,63
GENE4925,166,73,154,197,65,156,120,183,136,67,169,153
GENE4926,60,68,37,64,26,43,56,125,28,58,44,37
GENE4927,110,579,209,251,247,347,179,465,137,228,271,283
GENE4928,39,92,57,53,20,70,456,426,107,220,485,175
GENE4929,102,61,83,78,78,95,113,111,82,63,39,123
GENE4930,91,77,106,55,50,193,55,112,36,73,30,62
GENE4931,17,38,5,25,18,52,109,123,121,176,159,246
GENE4932,18,28,39,42,21,43,23,43,19,60,34,33
GENE4933,163,235,187,91,131,303,230,255,156,238,61,116
GENE4934,40,51,63,64,76,101,24,96,71,69,98,52
GENE4935,40,25,41,23,15,27,6,12,21,31,12,15
GENE4936,50,26,43,38,30,105,49,113,39,115,43,61
GENE4937,3514,3684,2697,5519,1743,2248,1713,1781,2245,1989,2476,2329
GENE4938,16,37,49,20,37,32,18,58,61,20,59,21
GENE4939,9,10,33,31,3,21,39,44,43,49,49,36
GENE4940,71,74,67,140,97,184,74,166,48,132,52,120
GENE4941,693,1225,880,674,159,967,722,1158,280,785,686,1012
GENE4942,47,75,88,38,11,71,133,188,130,106,139,151
GENE4943,26,19,23,38,41,18,15,38,22,29,41,29
GENE4944,22,42,21,24,23,27,15,42,31,15,42,24
GENE4945,3,8,4,4,3,5,2,3,0,14,11,5
GENE4946,18,46,28,54,22,42,40,43,29,46,32,68
GENE4947,195,224,321,302,329,154,234,370,157,343,219,283
GENE4948,170,95,62,87,99,42,139,197,162,60,98,213
GENE4949,58,72,79,141,71,40,39,76,32,26,160,83
GENE4950,2,5,8,4,3,3,6,4,1,6,2,4
GENE4951,32,25,27,43,22,43,51,43,23,40,28,7
GENE4952,5,10,10,12,3,15,11,9,5,6,10,3
GENE4953,1,4,2,8,1,1,4,3,4,5,2,2
GENE4954,28,39,33,23,23,26,21,37,26,26,17,15
GENE4955,53,209,251,166,150,122,123,116,151,124,204,162
GENE4956,4,27,11,19,2,8,6,8,11,11,12,17
GENE4957,14,21,13,13,8,4,9,21,20,9,9,10
GENE4958,652,884,1319,659,452,391,820,438,474,1371,894,2236
GENE4959,142,55,83,109,128,294,103,225,105,102,298,141
GENE4960,458,193,509,182,182,230,294,444,222,774,289,295
GENE4961,92,108,339,261,296,659,281,1005,260,782,251,591
GENE4962,179,242,68,118,134,164,219,163,104,143,113,148
GENE4963,32,59,65,55,41,52,26,23,18,49,27,22
GENE4964,90,128,144,242,60,263,86,140,32,58,127,65
GENE4965,520,483,357,421,316,1061,495,372,546,513,605,561
GENE4966,62,72,37,136,62,70,59,68,60,72,91,62
GENE4967,38,101,112,35,32,101,39,68,62,62,93,76
GENE4968,47,57,71,79,48,114,40,149,47,59,69,45
GENE4969,145,260,211,188,64,161,181,221,116,299,278,233
GENE4970,17,11,23,22,19,12,23,35,3,28,27,16
GENE4971,523,801,918,1080,452,359,1264,754,276,409,385,781
GENE4972,133,346,181,317,128,351,246,256,288,344,270,111
GENE4973,10,29,17,22,6,7,41,49,13,15,17,31
GENE4974,767,1124,741,1054,453,1612,681,1542,237,683,1032,1127
GENE4975,5,6,4,13,1,4,0,3,2,3,5,2
GENE4976,2,7,7,3,1,2,2,8,2,4,2,0
GENE4977,125,158,59,169,108,92,137,207,101,79,103,49
GENE4978,24,18,12,24,6,22,19,26,6,6,21,9
GENE4979,14,10,29,30,7,26,20,36,6,7,27,7
GENE4980,49,105,84,146,30,105,164,207,119,170,96,116
GENE4981,160,216,106,736,42,286,201,294,315,215,236,513
GENE4982,1797,1452,1387,2128,1101,3111,816,536,361,994,653,232
GENE4983,67,55,94,112,132,136,66,188,137,180,89,109
GENE4984,15,7,12,8,13,33,11,19,13,27,9,8
GENE4985,128,48,66,88,40,99,277,467,85,384,261,604
GENE4986,25,33,45,11,25,28,18,72,25,37,9,28
GENE4987,18,22,17,19,11,30,6,20,17,19,17,13
GENE4988,133,352,198,562,237,449,473,327,317,444,195,271
GENE4989,300,353,1056,261,292,704,4090,2506,3405,5337,1392,4375
GENE4990,0,6,5,5,1,6,4,12,3,7,9,10
GENE4991,206,878,555,474,111,546,112,285,193,245,338,156
GENE4992,65,47,62,67,49,63,42,88,72,47,34,22
GENE4993,41,107,84,122,60,213,110,156,60,118,64,144
GENE4994,5,15,11,8,2,9,3,1,0,3,4,1
GENE4995,13,1,6,6,6,1,6,23,4,8,5,4
GENE4996,17,26,32,35,17,15,22,18,14,11,16,31
GENE4997,107,115,182,130,75,114,91,191,107,244,59,42
GENE4998,20,42,91,35,28,34,22,42,29,18,41,51
GENE4999,6,39,21,31,22,37,26,35,19,19,14,30
GENE5000,209,217,294,512,51,293,121,264,197,336,122,127
GENE5001,7,12,15,17,16,16,15,19,7,5,8,8
GENE5002,4,3,3,1,2,3,2,0,0,9,10,3
GENE5003,51,147,97,62,57,120,150,308,63,128,136,50
GENE5004,3,6,6,6,1,13,11,7,6,7,9,8
GENE5005,94,86,120,58,23,39,151,197,50,95,22,109
GENE5006,344,356,546,173,253,320,322,254,238,590,250,209
GENE5007,2,16,7,12,6,13,8,16,16,5,8,2
GENE5008,7,27,19,17,5,19,3,8,2,2,1,2
GENE5009,8,3,7,0,5,3,7,8,3,2,6,6
GENE5010,17,77,28,41,20,43,39,74,22,43,45,23
GENE5011,13,14,14,7,7,18,11,32,7,43,17,21
GENE5012,1,0,1,4,1,5,0,0,1,1,0,0
GENE5013,21,19,27,12,27,31,46,26,33,57,34,22
GENE5014,310,200,193,302,209,317,135,317,168,164,233,229
GENE5015,2,5,7,8,7,3,8,3,8,11,4,3
GENE5016,27,41,122,109,31,55,30,77,98,22,48,63
GENE5017,16,12,16,18,18,15,57,29,17,16,21,22
GENE5018,1,3,5,2,3,6,0,3,1,3,1,0
GENE5019,147,407,398,687,99,369,476,2187,400,876,950,727
GENE5020,35,73,96,124,47,116,223,492,176,408,289,151
GENE5021,42,82,54,58,43,130,40,53,28,79,54,74
GENE5022,6,19,12,6,16,12,10,27,13,28,4,18
GENE5023,2,4,1,1,0,3,4,7,2,1,2,1
GENE5024,108,196,213,127,60,111,119,319,129,226,160,129
GENE5025,10,16,8,18,0,8,12,12,13,22,20,18
GENE5026,928,998,787,683,244,1098,680,721,514,440,551,797
GENE5027,21,9,25,15,6,31,6,7,4,3,11,9
GENE5028,11,15,28,45,15,16,19,26,6,43,8,15
GENE5029,35,83,22,38,34,46,26,43,31,32,26,43
GENE5030,21,16,22,19,19,30,40,28,20,34,18,30
GENE5031,36,58,52,64,80,166,63,61,63,110,61,92
GENE5032,47,70,57,41,6,46,31,42,37,61,22,53
GENE5033,40,77,74,85,51,41,31,55,27,54,51,15
GENE5034,6,21,6,22,4,21,25,22,6,11,14,17
GENE5035,266,521,932,445,177,862,423,387,645,1042,262,632
GENE5036,32,54,79,86,51,56,73,48,62,32,21,46
GENE5037,30,36,31,15,18,40,19,44,9,45,21,17
GENE5038,46,51,35,60,28,99,75,71,27,16,33,34
GENE5039,11,17,10,7,6,20,12,14,14,13,4,13
GENE5040,8,30,15,51,13,47,36,35,18,24,31,17
GENE5041,66,92,92,178,39,81,92,50,65,53,40,54
GENE5042,30,86,64,60,25,25,68,34,49,100,89,32
GENE5043,871,1054,663,659,501,889,663,789,694,969,717,1068
GENE5044,21,62,30,64,45,46,29,52,23,20,30,13
GENE5045,104,61,85,72,57,162,107,200,50,17,112,193
GENE5046,4,15,16,5,7,20,12,14,8,13,12,18
GENE5047,363,298,393,371,305,265,491,682,243,385,397,316
GENE5048,27,39,39,36,8,27,30,31,17,99,52,35
GENE5049,843,1987,579,1594,545,533,1412,612,532,1331,750,1207
GENE5050,0,2,5,4,2,4,2,1,3,4,1,1
GENE5051,355,487,670,535,173,579,685,775,414,545,411,773
GENE5052,23,56,22,22,32,33,36,116,7,39,42,19
GENE5053,21,21,18,19,23,47,36,39,7,25,36,36
GENE5054,8,4,4,21,3,14,3,3,13,11,6,3
GENE5055,88,141,36,62,92,112,362,829,207,502,598,294
GENE5056,216,253,325,248,252,401,86,142,69,113,77,68
GENE5057,2,2,4,12,3,0,5,6,5,6,4,9
GENE5058,90,112,110,50,65,47,69,66,103,91,23,116
GENE5059,6,12,18,4,8,12,16,21,9,25,12,15
GENE5060,70,84,78,72,82,65,98,11,54,47,31,137
GENE5061,42,27,76,152,10,99,82,106,117,45,63,45
GENE5062,4,8,6,16,6,9,4,14,5,4,10,2
GENE5063,4,1,6,1,4,3,1,4,1,4,1,1
GENE5064,16,38,36,57,18,39,35,39,27,9,11,24
GENE5065,151,146,122,149,84,260,152,155,49,153,71,154
GENE5066,5,3,12,7,7,9,7,11,8,10,9,1
GENE5067,29,60,36,77,24,53,45,55,20,84,64,44
GENE5068,52,142,81,96,87,217,113,187,67,88,119,54
GENE5069,7,12,13,35,9,12,6,3,17,10,22,15
GENE5070,4,5,10,13,2,11,6,2,4,8,8,12
GENE5071,9,25,19,23,8,43,23,45,20,19,17,25
GENE5072,217,159,279,204,73,89,100,149,119,303,150,184
GENE5073,69,31,59,71,40,52,30,11,42,33,33,38
GENE5074,241,276,256,176,295,363,389,533,183,384,337,360
GENE5075,7,7,7,5,7,8,8,11,1,9,8,5
GENE5076,1233,2633,2190,2328,1804,2048,2282,1480,838,878,1239,2604
GENE5077,73,60,81,111,33,73,20,28,14,37,12,15
GENE5078,11,11,17,7,13,14,7,10,20,24,15,14
GENE5079,260,134,528,350,258,537,24,58,54,39,41,90
GENE5080,17,12,33,40,13,52,18,29,22,14,24,26
GENE5081,14,24,22,7,8,23,20,10,14,18,13,26
GENE5082,17,31,7,39,11,19,20,31,9,20,12,14
GENE5083,2,1,3,7,3,1,0,0,0,1,0,1
GENE5084,185,99,167,135,99,165,120,309,107,92,66,171
GENE5085,22,23,37,28,8,23,49,62,17,51,21,22
GENE5086,15,29,25,20,22,30,27,8,11,12,14,8
GENE5087,13,19,2,11,4,14,9,6,6,3,1,3
GENE5088,220,539,402,449,362,288,591,1045,385,410,257,465
GENE5089,32,43,27,46,38,44,51,39,36,63,61,52
GENE5090,18,20,32,40,13,5,23,29,26,36,16,9
GENE5091,102,165,213,194,164,256,176,167,135,127,112,192
GENE5092,13,14,24,11,21,19,17,41,5,17,14,9
GENE5093,30,27,16,18,17,19,16,13,11,19,10,19
GENE5094,88,361,221,109,109,256,413,847,812,981,638,1383
GENE5095,121,251,76,221,63,140,65,287,118,242,94,120
GENE5096,79,124,92,237,133,75,53,171,70,100,85,60
GENE5097,39,144,156,206,81,125,609,913,674,1131,688,1381
GENE5098,38,78,53,27,26,111,36,101,66,104,16,32
GENE5099,9,5,16,11,5,10,13,17,9,15,12,11
GENE5100,19,33,36,65,33,49,16,48,33,28,96,36
GENE5101,515,438,623,1107,202,962,1328,1796,801,1563,459,933
GENE5102,19,23,25,41,15,21,38,22,15,27,21,29
GENE5103,308,252,192,621,108,103,108,325,225,226,127,262
GENE5104,11,10,6,13,1,11,19,17,16,21,7,13
GENE5105,33,79,60,89,31,130,84,99,79,132,113,65
GENE5106,16,7,9,14,9,25,12,31,6,30,9,9
GENE5107,56,77,61,60,31,81,76,111,42,119,51,73
GENE5108,19,10,39,11,3,34,22,31,8,12,17,12
GENE5109,3,3,3,1,2,6,0,10,2,5,3,2
GENE5110,18,32,37,19,13,47,8,32,12,44,41,26
GENE5111,144,248,207,223,186,210,142,190,196,276,244,321
GENE5112,27,16,19,24,12,14,34,16,5,27,13,21
GENE5113,20,28,15,20,5,33,26,32,20,16,30,29
GENE5114,15,39,35,24,22,47,16,25,43,22,27,12
GENE5115,10,26,38,19,14,19,20,18,20,24,37,34
GENE5116,125,274,288,252,35,290,113,238,189,214,142,193
GENE5117,75,109,95,69,28,91,17,20,7,25,9,10
GENE5118,32,23,2,19,26,48,17,38,15,34,23,22
GENE5119,0,12,7,11,2,7,3,10,6,12,7,8
GENE5120,242,801,571,269,223,643,403,520,365,706,414,396
GENE5121,11,30,46,46,32,21,142,121,176,237,213,103
GENE5122,31,45,34,66,4,13,150,143,252,369,98,231
GENE5123,6,6,5,5,2,10,7,7,7,7,5,9
GENE5124,53,94,143,172,115,205,155,142,44,81,79,122
GENE5125,69,115,42,69,29,95,71,84,36,90,52,50
GENE5126,39,47,36,110,22,36,5,14,9,5,5,10
GENE5127,6,3,5,4,1,8,5,2,3,4,3,5
GENE5128,2,8,5,5,5,3,4,4,2,2,5,3
GENE5129,16,13,15,32,20,20,35,40,39,27,19,42
GENE5130,3315,2463,1231,1785,1334,2340,3159,2204,1090,3135,901,1337
GENE5131,18,23,46,54,41,50,36,41,21,50,42,33
GENE5132,117,288,222,203,151,99,196,396,72,189,78,34
GENE5133,844,2503,898,1435,461,1487,1519,1428,646,1631,991,436
GENE5134,438,404,383,1057,340,448,108,696,236,449,344,372
GENE5135,70,125,59,119,60,85,64,125,62,95,39,72
GENE5136,2,2,1,0,2,3,3,12,3,6,0,1
GENE5137,76,96,44,70,26,72,65,37,46,136,36,46
GENE5138,159,164,111,275,140,226,120,235,71,127,161,129
GENE5139,78,85,104,134,67,128,111,180,40,48,86,67
GENE5140,24,19,25,35,30,36,32,33,28,28,16,21
GENE5141,5,6,7,7,3,13,5,1,4,4,9,3
GENE5142,102,157,161,135,85,243,193,122,71,272,176,164
GENE5143,242,585,191,351,228,457,250,557,65,213,432,114
GENE5144,44,98,38,54,81,29,83,53,13,59,30,65
GENE5145,37,30,33,25,24,41,12,62,35,35,61,43
GENE5146,49,95,52,72,47,115,779,2009,698,598,305,632
GENE5147,5,10,6,13,3,13,3,7,6,3,4,8
GENE5148,9,21,23,22,5,15,17,29,22,12,8,13
GENE5149,39,46,32,59,20,67,37,84,25,80,45,66
GENE5150,5,4,2,5,3,6,5,5,7,5,10,3
GENE5151,76,109,79,222,76,148,162,407,111,87,175,151
GENE5152,56,14,68,63,43,32,62,72,11,73,60,45
GENE5153,60,199,197,223,90,117,92,173,101,66,167,100
GENE5154,1,5,4,7,1,10,3,9,3,4,8,3
GENE5155,43,44,106,82,24,102,58,138,29,109,53,51
GENE5156,15,11,14,7,7,27,13,7,3,2,1,1
GENE5157,82,59,67,94,40,70,95,113,116,79,85,81
GENE5158,6,6,15,16,1,7,3,1,2,1,1,3
GENE5159,82,52,61,70,74,138,19,120,35,54,93,42
GENE5160,1697,2817,2407,2514,1127,2532,1162,3478,1598,2371,3880,2849
GENE5161,10,13,8,13,3,20,17,15,20,21,15,12
GENE5162,51,80,86,106,28,104,103,54,68,42,34,66
GENE5163,70,87,65,96,60,112,14,42,2,14,34,29
GENE5164,196,73,376,347,373,579,148,594,172,283,291,205
GENE5165,165,245,96,220,78,125,118,325,156,167,84,196
GENE5166,61,165,137,210,132,202,110,362,138,126,195,182
GENE5167,6,7,8,7,1,11,7,7,7,10,3,12
GENE5168,9,28,34,12,28,17,151,344,373,118,138,195
GENE5169,5,8,1,6,3,7,1,6,0,4,0,2
GENE5170,10,5,20,9,2,10,13,13,6,9,16,7
GENE5171,282,950,277,755,382,298,528,600,279,750,191,323
GENE5172,18,30,38,64,20,36,14,62,38,32,35,47
GENE5173,5,4,7,18,2,4,5,9,10,8,5,5
GENE5174,36,23,39,18,30,28,32,31,30,41,24,25
GENE5175,242,201,354,324,130,382,245,275,100,514,134,307
GENE5176,11,12,16,27,2,20,5,21,15,30,24,11
GENE5177,40,40,26,45,19,29,24,18,31,40,52,20
GENE5178,10,15,15,5,6,14,67,96,37,88,33,28
GENE5179,13,16,4,11,3,5,7,8,7,17,13,7
GENE5180,147,91,78,101,93,164,55,57,97,86,201,133
GENE5181,234,699,552,426,513,533,249,865,253,330,319,448
GENE5182,6,21,22,27,3,22,4,21,14,24,27,25
GENE5183,437,594,461,828,263,598,911,795,592,1307,629,569
GENE5184,2,7,10,14,5,18,7,29,4,3,12,9
GENE5185,1205,1314,536,685,958,1255,451,646,444,978,2615,969
GENE5186,75,209,61,83,48,30,93,59,31,60,71,58
GENE5187,1022,1563,1143,1092,124,2722,665,1422,779,646,971,341
GENE5188,2,7,9,14,7,16,6,9,8,10,13,9
GENE5189,119,194,250,222,145,369,332,284,132,256,161,101
GENE5190,274,306,151,239,272,278,286,223,225,385,137,177
GENE5191,3,15,11,6,1,19,12,20,3,22,3,7
GENE5192,7,17,12,7,5,10,9,7,16,18,2,14
GENE5193,25,11,47,23,19,38,33,84,39,119,50,26
GENE5194,1,11,8,20,20,15,17,23,6,9,4,15
GENE5195,175,167,251,302,102,325,397,380,273,481,239,115
GENE5196,4,30,26,19,11,27,15,39,13,12,21,14
GENE5197,19,55,35,79,20,36,65,23,29,23,30,47
GENE5198,54,70,36,49,26,80,85,138,18,58,47,73
GENE5199,902,1141,768,489,609,754,331,1345,588,1167,605,781
GENE5200,343,281,165,462,221,453,171,318,170,375,274,227
GENE5201,109,387,131,236,170,211,224,298,65,238,271,177
GENE5202,63,74,87,70,34,53,15,92,52,50,31,43
GENE5203,65,101,72,59,123,149,82,194,52,38,102,134
GENE5204,4,6,2,1,2,1,2,1,1,0,0,1
GENE5205,53,36,38,33,12,31,32,39,23,59,30,25
GENE5206,11,18,7,13,3,8,0,1,0,0,1,1
GENE5207,40,74,44,45,83,45,72,64,34,93,78,34
GENE5208,38,38,59,42,50,36,68,24,51,41,38,21
GENE5209,11,20,14,25,8,21,3,8,5,7,4,5
GENE5210,36,77,34,55,70,91,83,67,13,49,32,49
GENE5211,41,54,53,73,55,113,40,80,63,58,76,64
GENE5212,15,4,2,7,2,6,6,18,9,5,3,13
GENE5213,220,187,171,202,108,216,160,173,101,240,143,131
GENE5214,76,102,113,162,77,90,87,30,29,137,102,60
GENE5215,31,115,46,75,5,57,46,61,44,33,66,39
GENE5216,60,96,37,75,68,156,103,104,78,97,87,144
GENE5217,455,186,416,632,195,483,468,734,191,166,112,412
GENE5218,250,284,234,418,319,482,640,450,297,387,439,172
GENE5219,128,250,237,713,121,201,256,382,174,107,273,76
GENE5220,95,122,102,118,38,80,75,139,65,40,70,81
GENE5221,2047,1762,1459,972,1529,1112,562,2124,1058,979,1962,1666
GENE5222,1041,1050,399,1834,792,989,1359,702,679,206,1094,904
GENE5223,4,4,4,6,2,1,1,5,1,2,4,4
GENE5224,88,196,131,238,193,181,351,298,314,565,734,556
GENE5225,1,0,6,8,3,1,1,1,1,5,6,1
GENE5226,195,179,167,166,186,250,919,1092,223,1384,233,846
GENE5227,385,212,226,366,126,192,393,540,190,326,466,400
GENE5228,52,61,43,81,44,74,64,70,45,74,62,43
GENE5229,77,39,36,75,28,67,59,111,46,40,95,61
GENE5230,68,171,102,140,126,97,118,210,85,160,127,134
GENE5231,232,144,121,262,102,122,252,177,88,126,127,167
GENE5232,61,81,28,84,66,199,75,78,60,67,93,61
GENE5233,4,6,9,2,7,2,7,7,7,15,2,5
GENE5234,26,22,10,36,10,28,28,15,22,12,8,25
GENE5235,146,116,292,330,261,479,445,511,179,459,294,237
GENE5236,42,63,65,76,28,73,95,55,91,107,51,82
GENE5237,45,42,56,79,56,20,315,248,153,244,213,154
GENE5238,462,485,591,224,411,510,411,704,507,462,415,239
GENE5239,39,36,43,29,17,32,26,39,28,27,16,16
GENE5240,6,14,11,16,11,10,18,18,6,24,27,5
GENE5241,5,6,3,17,12,17,21,13,6,12,9,4
GENE5242,655,855,577,716,409,1328,364,1005,528,501,427,874
GENE5243,15,18,16,21,2,45,23,17,26,37,28,3
GENE5244,328,383,631,729,297,990,488,384,507,628,422,577
GENE5245,65,48,67,101,32,151,65,56,50,169,76,65
GENE5246,35,34,33,21,10,55,30,72,42,27,48,41
GENE5247,87,123,65,122,40,168,81,163,71,233,124,66
GENE5248,29,30,12,35,21,28,22,50,21,53,10,27
GENE5249,10,7,1,13,5,13,11,9,11,4,0,13
GENE5250,255,146,115,329,84,80,306,290,136,223,187,103
GENE5251,151,240,235,214,99,290,187,321,150,274,112,191
GENE5252,11,18,8,31,5,25,26,7,23,29,18,10
GENE5253,14,14,7,31,6,19,29,25,6,32,7,9
GENE5254,2568,949,1144,2640,1868,2652,1085,2161,2514,2116,2213,1201
GENE5255,141,90,126,36,68,124,41,129,77,70,87,52
GENE5256,162,352,164,183,116,467,145,204,110,106,224,304
GENE5257,12,32,18,14,7,17,20,24,18,18,17,11
GENE5258,10,14,8,13,8,7,16,25,13,5,14,13
GENE5259,963,391,659,1210,603,1035,517,771,1010,838,873,331
GENE5260,2,7,7,8,4,11,1,3,1,3,1,0
GENE5261,1,11,6,6,4,0,9,5,2,3,2,5
GENE5262,58,238,105,241,63,243,138,160,76,135,271,106
GENE5263,23,29,29,55,19,57,27,51,72,38,46,26
GENE5264,8,24,9,26,10,13,4,14,4,9,12,14
GENE5265,6,13,10,7,3,6,5,13,13,16,4,5
GENE5266,47,75,94,34,54,79,121,103,82,86,87,71
GENE5267,49,118,52,102,54,78,31,38,33,49,39,82
GENE5268,10,59,69,37,21,38,44,62,37,20,51,50
GENE5269,1,13,38,13,8,23,13,34,9,21,21,14
GENE5270,339,507,248,382,202,224,179,223,318,558,225,175
GENE5271,2,0,4,2,1,5,6,6,1,1,4,1
GENE5272,392,327,299,633,63,345,279,460,375,503,188,345
GENE5273,2673,3007,4351,5653,4238,5254,5475,6541,2954,3793,5702,1074
GENE5274,19,36,24,57,10,25,25,54,30,24,18,35
GENE5275,155,289,156,181,106,111,85,110,90,91,84,51
GENE5276,6,4,14,12,2,10,8,22,2,12,4,10
GENE5277,16,23,13,5,15,21,15,13,7,5,18,14
GENE5278,1183,1944,1170,2343,706,1399,1610,2148,1304,1803,2394,579
GENE5279,104,168,85,60,110,136,165,158,55,100,156,115
GENE5280,340,512,402,115,324,398,208,549,186,447,213,247
GENE5281,253,156,162,312,26,126,398,405,161,209,297,356
GENE5282,4,0,3,7,0,11,1,6,1,1,3,4
GENE5283,3,5,3,0,1,14,1,3,2,3,2,2
GENE5284,10,18,12,21,6,29,8,11,12,27,18,8
GENE5285,87,296,133,265,117,73,160,184,79,177,148,114
GENE5286,0,2,2,1,0,2,3,8,1,8,4,4
GENE5287,139,41,201,287,59,185,314,151,57,219,204,178
GENE5288,50,65,38,101,61,20,38,79,62,41,49,45
GENE5289,328,343,166,622,355,773,590,1665,1203,544,1137,1674
GENE5290,39,62,12,25,14,16,28,29,16,25,40,41
GENE5291,16,18,21,41,8,24,30,16,10,27,13,27
GENE5292,22,18,7,33,11,16,17,12,26,25,14,14
GENE5293,17,20,51,14,15,32,46,38,12,7,45,27
GENE5294,8,19,23,17,12,20,10,10,16,17,18,16
GENE5295,3,4,9,21,3,4,10,15,5,3,7,6
GENE5296,78,70,89,71,36,103,50,157,60,124,86,75
GENE5297,2230,2215,4339,1722,1255,1787,1353,5162,2923,2004,3658,1841
GENE5298,86,155,124,59,23,165,76,132,93,113,101,25
GENE5299,285,708,630,901,459,772,759,1038,792,406,559,628
GENE5300,6,7,10,3,3,12,6,11,6,13,4,4
GENE5301,186,302,250,302,66,408,325,588,114,232,441,296
GENE5302,49,85,92,87,29,60,100,92,24,133,98,79
GENE5303,136,246,142,164,205,353,304,562,110,347,173,246
GENE5304,111,101,40,132,109,136,38,98,93,91,78,81
GENE5305,11,8,11,21,7,22,14,37,4,13,6,11
GENE5306,10,13,24,15,11,12,12,5,5,9,17,27
GENE5307,52,123,113,83,52,80,85,127,102,124,177,110
GENE5308,10,22,18,45,7,19,22,22,18,15,25,13
GENE5309,158,116,185,219,114,127,300,253,137,243,126,131
GENE5310,15,12,17,34,5,9,25,25,9,25,26,28
GENE5311,12,42,55,73,30,30,38,72,20,50,33,22
GENE5312,100,144,96,117,69,148,694,872,703,1040,689,1338
GENE5313,55,77,54,26,34,155,108,163,37,104,87,85
GENE5314,137,54,47,72,25,32,80,70,83,56,98,48
GENE5315,78,126,50,129,24,84,70,193,59,54,76,51
GENE5316,2,2,2,3,0,3,3,2,1,2,3,3
GENE5317,1,3,6,2,3,1,2,10,2,0,3,3
GENE5318,380,409,564,399,186,413,265,336,109,366,166,302
GENE5319,443,418,373,447,247,725,731,816,444,232,676,335
GENE5320,153,253,158,127,261,338,160,444,140,329,222,84
GENE5321,356,207,134,208,107,267,236,398,187,195,242,235
GENE5322,35,62,43,25,20,30,41,68,34,31,24,36
GENE5323,4,1,4,3,2,6,3,3,4,2,8,4
GENE5324,20,28,36,51,8,34,41,30,28,41,28,30
GENE5325,344,154,475,191,249,182,956,5719,2371,2308,3161,2138
GENE5326,37,13,10,14,13,37,26,48,10,24,28,20
GENE5327,20,29,21,23,20,30,34,33,32,36,5,10
GENE5328,137,67,181,147,41,209,144,216,122,253,105,81
GENE5329,26,21,14,52,11,28,18,17,17,44,6,20
GENE5330,29,33,40,44,8,55,49,46,15,43,45,16
GENE5331,16,9,19,23,7,8,2,24,6,32,21,12
GENE5332,30,42,37,79,31,27,29,50,49,26,31,17
GENE5333,177,179,68,137,112,99,62,80,93,149,103,79
GENE5334,690,835,724,553,235,302,86,100,64,159,104,70
GENE5335,226,865,551,582,365,472,637,1811,98,1058,285,329
GENE5336,38,31,20,8,11,24,4,30,10,11,9,8
GENE5337,24,24,21,23,16,49,26,52,22,13,34,43
GENE5338,111,181,183,114,74,138,146,169,110,244,99,105
GENE5339,28,19,22,38,23,38,17,39,35,76,18,33
GENE5340,5,0,0,2,1,7,1,9,3,1,3,1
GENE5341,801,574,686,2124,634,1297,880,1350,582,1892,1029,1210
GENE5342,8,4,4,15,13,12,13,23,12,8,9,11
GENE5343,48,57,72,92,61,126,55,114,62,52,88,60
GENE5344,22,94,29,44,33,32,46,66,32,38,27,38
GENE5345,50,54,29,64,55,94,82,173,159,165,181,167
GENE5346,17,33,40,35,19,16,9,20,4,31,39,39
GENE5347,66,120,44,52,28,100,47,49,52,44,34,45
GENE5348,4,2,3,4,1,3,3,9,1,3,3,0
GENE5349,63,81,75,87,67,102,28,43,11,26,31,36
GENE5350,21,29,8,15,15,12,33,16,19,15,8,11
GENE5351,15,40,23,59,20,39,31,15,16,16,56,21
GENE5352,113,188,133,154,115,184,316,158,126,180,228,140
GENE5353,31,49,49,53,39,23,45,71,42,22,40,57
GENE5354,279,137,443,208,86,234,125,347,171,287,433,144
GENE5355,9,47,7,33,22,54,34,54,24,42,3,22
GENE5356,584,733,1596,1125,510,1227,805,1455,1034,1488,2310,1084
GENE5357,16,15,9,16,10,25,34,11,6,33,24,20
GENE5358,16,22,22,39,16,18,21,34,34,4,20,22
GENE5359,40,23,19,42,23,56,15,21,18,44,18,21
GENE5360,130,76,99,97,111,96,135,140,76,101,121,113
GENE5361,8,14,15,22,5,44,17,42,12,18,15,17
GENE5362,146,210,208,223,49,311,255,281,114,243,108,147
GENE5363,32,12,28,49,4,34,21,51,15,44,41,29
GENE5364,110,84,70,64,64,101,41,44,46,102,124,93
GENE5365,8,28,22,30,15,10,23,24,19,21,6,16
GENE5366,406,535,365,349,136,498,394,1149,414,518,247,401
GENE5367,6,8,8,10,2,13,8,12,4,21,18,5
GENE5368,7,3,8,4,2,2,7,19,4,11,12,6
GENE5369,341,210,227,110,67,393,346,341,307,120,136,273
GENE5370,58,32,43,78,29,55,28,59,29,72,14,43
GENE5371,85,144,86,160,100,132,56,71,30,55,51,40
GENE5372,366,840,442,503,204,613,484,753,247,217,247,420
GENE5373,168,198,209,124,207,177,229,81,95,279,127,164
GENE5374,10,20,17,27,20,22,18,24,6,33,16,6
GENE5375,68,82,40,47,63,69,54,57,72,50,75,23
GENE5376,2,0,4,1,2,4,4,8,6,5,1,2
GENE5377,16,11,19,28,11,41,16,23,38,14,9,18
GENE5378,11,7,10,23,14,27,8,19,12,31,9,29
GENE5379,2,24,21,13,18,16,8,35,9,10,6,8
GENE5380,5,24,5,21,10,9,13,27,9,10,13,7
GENE5381,12,33,63,53,30,61,87,58,45,43,55,37
GENE5382,53,204,69,68,69,53,247,386,134,134,94,265
GENE5383,3,2,4,3,5,2,2,3,1,4,5,6
GENE5384,255,523,313,414,124,404,253,424,197,423,596,215
GENE5385,11,26,34,19,27,34,26,16,11,51,17,11
GENE5386,39,9,34,32,41,24,37,42,21,10,52,29
GENE5387,61,95,124,94,59,142,139,64,94,177,47,102
GENE5388,1672,2678,1898,1446,787,2194,1826,3346,1383,2510,2509,1929
GENE5389,1662,1999,2583,2654,715,919,2952,3788,1702,2352,1595,3999
GENE5390,19,17,9,12,9,25,25,22,19,13,21,15
GENE5391,159,360,363,500,86,172,194,505,174,76,395,209
GENE5392,141,57,134,171,73,128,86,145,24,124,154,80
GENE5393,81,59,72,117,22,54,57,50,55,62,9,18
GENE5394,6,26,5,24,9,18,10,27,4,25,13,3
GENE5395,26,28,42,24,9,51,27,11,20,22,23,24
GENE5396,123,209,144,86,81,126,182,107,125,69,159,112
GENE5397,27,135,79,163,31,131,57,91,41,72,111,118
GENE5398,1363,3037,2839,3109,3232,6006,2298,5260,3840,2905,1384,1572
GENE5399,22,26,10,10,13,13,23,12,10,16,3,18
GENE5400,46,33,61,134,17,39,58,76,37,54,42,33
GENE5401,60,44,54,70,46,110,41,49,34,73,51,29
GENE5402,167,536,201,599,99,508,987,675,784,1036,306,423
GENE5403,59,93,53,61,48,155,21,89,38,101,73,83
GENE5404,121,267,111,83,105,122,65,232,111,80,59,94
GENE5405,12,19,12,18,3,15,13,12,8,13,13,12
GENE5406,132,150,80,120,65,177,104,174,83,53,104,121
GENE5407,17,26,14,48,26,66,164,264,169,402,289,196
GENE5408,30,134,128,166,113,184,107,275,85,64,101,152
GENE5409,1305,1752,1349,744,599,1386,908,1846,417,1658,1136,588
GENE5410,285,213,128,146,187,373,92,343,154,308,260,194
GENE5411,11,18,18,36,17,22,16,24,11,5,9,18
GENE5412,9,20,10,26,19,32,12,35,23,31,27,14
GENE5413,36,13,47,41,35,50,44,55,46,41,37,22
GENE5414,44,135,122,146,73,130,96,136,115,117,109,55
GENE5415,146,68,231,151,94,74,130,74,111,167,108,141
GENE5416,11,4,5,12,5,10,24,13,20,20,13,10
GENE5417,405,608,424,462,200,578,252,427,282,220,221,403
GENE5418,49,44,123,53,22,83,44,31,65,92,22,32
GENE5419,4,21,5,18,7,6,22,12,11,17,7,16
GENE5420,3,0,2,2,3,3,0,7,2,1,1,3
GENE5421,8,2,12,10,4,20,25,29,4,16,5,12
GENE5422,1,2,3,2,3,0,4,1,0,4,1,2
GENE5423,117,468,279,344,347,152,437,396,295,242,506,242
GENE5424,65,80,32,79,42,81,66,158,48,69,49,11
GENE5425,80,135,123,179,55,64,114,121,89,149,96,147
GENE5426,13,6,4,7,4,4,8,17,3,8,8,9
GENE5427,1,5,6,2,3,1,0,2,2,3,3,2
GENE5428,8,71,28,43,30,50,27,51,23,26,55,51
GENE5429,22,70,22,12,26,33,22,61,12,64,34,50
GENE5430,31,41,31,40,7,24,26,44,36,40,21,33
GENE5431,77,14,40,60,24,61,33,114,28,71,46,66
GENE5432,31,25,50,44,18,35,19,30,49,31,62,8
GENE5433,1,0,4,2,2,0,6,0,2,6,2,0
GENE5434,75,73,136,34,71,55,22,39,5,21,5,33
GENE5435,233,201,181,209,155,305,113,382,173,245,135,200
GENE5436,21,21,20,30,32,56,7,37,21,44,25,16
GENE5437,2,6,0,2,2,4,2,4,3,0,1,1
GENE5438,26,30,57,49,29,77,34,49,23,61,22,35
GENE5439,9,7,24,8,8,24,22,21,4,15,3,13
GENE5440,123,133,150,72,59,102,145,111,73,257,57,29
GENE5441,1377,1598,2304,1955,1461,2009,1340,4336,899,1825,1412,1168
GENE5442,4,4,0,5,1,7,5,1,1,3,0,2
GENE5443,3,2,3,7,3,6,2,2,1,5,3,3
GENE5444,142,83,216,269,103,401,174,297,63,296,173,187
GENE5445,1,5,5,4,1,2,5,2,2,3,0,2
GENE5446,161,318,145,350,226,539,204,262,173,229,163,91
GENE5447,48,72,37,63,12,33,45,34,23,69,56,29
GENE5448,16,26,18,20,16,25,9,60,14,27,19,13
GENE5449,2,6,6,4,4,1,4,5,0,1,0,3
GENE5450,34,21,42,19,14,23,27,19,15,35,26,28
GENE5451,11,22,23,13,24,20,26,9,25,31,26,32
GENE5452,75,110,129,117,71,111,149,258,309,392,597,525
GENE5453,472,920,681,449,353,519,457,816,674,547,437,314
GENE5454,12,10,11,24,2,13,5,18,6,5,12,7
GENE5455,87,263,156,225,91,374,94,235,206,155,89,175
GENE5456,201,446,135,279,126,196,135,330,185,178,159,118
GENE5457,15,21,23,64,10,10,24,39,4,12,5,18
GENE5458,15,27,10,31,15,24,18,33,7,7,10,24
GENE5459,134,214,166,83,33,161,26,22,16,24,13,21
GENE5460,1,2,1,5,1,7,1,3,3,4,3,1
GENE5461,44,87,59,81,36,100,96,122,33,125,50,38
GENE5462,2,6,8,6,3,6,1,0,1,2,1,2
GENE5463,10,8,9,26,10,15,18,42,9,21,31,29
GENE5464,21,45,34,56,39,35,136,221,117,203,80,145
GENE5465,10,15,11,48,10,16,19,14,10,35,12,17
GENE5466,25,24,12,24,5,37,11,11,12,10,3,4
GENE5467,17,25,28,24,10,21,46,28,10,33,35,50
GENE5468,611,349,196,444,209,264,181,501,188,242,190,294
GENE5469,2,2,3,5,0,3,7,2,1,2,5,0
GENE5470,959,832,1081,1142,392,819,1634,4588,2111,2164,1060,2097
GENE5471,263,256,164,221,71,412,110,222,98,124,273,218
GENE5472,0,8,2,6,1,6,1,0,1,5,0,1
GENE5473,109,175,96,51,12,117,12,53,6,5,9,19
GENE5474,15,15,28,25,28,29,14,45,23,26,17,17
GENE5475,3,21,16,6,4,8,13,16,11,9,16,6
GENE5476,37,75,33,35,34,59,59,93,42,41,50,36
GENE5477,82,146,81,79,79,83,129,116,57,59,64,157
GENE5478,34,72,117,86,103,126,137,86,141,137,103,95
GENE5479,1,4,2,6,5,0,3,7,4,3,5,3
GENE5480,13,18,14,15,8,15,10,13,12,2,6,14
GENE5481,18,29,11,19,8,15,3,9,9,8,9,9
GENE5482,114,89,73,72,93,110,59,59,79,100,68,98
GENE5483,112,172,189,193,103,124,136,198,248,147,158,132
GENE5484,12,22,32,29,13,32,2,5,4,14,1,7
GENE5485,94,339,167,293,154,145,251,332,76,309,148,162
GENE5486,60,53,70,100,39,53,40,68,39,109,54,63
GENE5487,88,156,116,113,48,85,119,154,70,59,94,118
GENE5488,15,22,18,7,8,24,3,18,11,14,9,17
GENE5489,469,412,504,575,335,1037,841,692,507,1199,683,936
GENE5490,175,59,106,281,168,277,486,181,149,212,202,161
GENE5491,174,93,93,220,62,140,114,120,132,132,167,107
GENE5492,0,3,3,6,1,6,3,7,3,3,2,6
GENE5493,184,143,198,101,57,73,293,186,57,106,174,85
GENE5494,90,187,102,132,157,158,95,241,63,96,84,119
GENE5495,97,169,101,169,117,153,183,135,37,106,38,46
GENE5496,2,11,7,7,2,11,6,14,13,14,5,16
GENE5497,9,19,11,35,6,27,33,13,11,8,19,15
GENE5498,614,1286,1819,1148,580,2176,1499,2115,1317,2767,688,1827
GENE5499,7,0,12,4,2,5,7,10,3,5,6,6
GENE5500,3,14,4,17,7,11,19,21,7,4,5,8
GENE5501,60,85,49,114,84,120,108,94,79,83,133,34
GENE5502,502,656,845,377,389,390,452,551,515,682,332,742
GENE5503,18,62,47,74,27,48,39,30,27,37,24,25
GENE5504,98,111,84,170,52,69,54,156,134,81,84,52
GENE5505,73,89,121,177,116,234,95,217,106,120,105,206
GENE5506,2,1,1,3,0,5,0,3,1,0,0,2
GENE5507,18,11,20,19,4,15,23,21,28,15,10,11
GENE5508,17,14,12,24,5,15,22,35,23,9,10,12
GENE5509,6,19,60,27,22,49,18,42,30,10,25,33
GENE5510,7,14,21,18,8,12,11,14,16,10,11,25
GENE5511,42,48,43,24,18,37,39,50,29,29,25,65
GENE5512,1111,1827,1190,1119,665,832,1517,1144,1206,1568,326,536
GENE5513,38,70,62,47,54,119,65,122,43,66,49,57
GENE5514,135,480,445,446,225,685,1640,4505,1518,1903,1157,1114
GENE5515,29,39,58,63,37,51,26,18,13,55,12,14
GENE5516,43,80,57,95,48,122,53,117,36,89,61,60
GENE5517,31,84,54,31,32,56,37,105,46,69,44,53
GENE5518,396,630,180,392,222,202,325,543,158,354,130,499
GENE5519,25,10,9,19,19,19,28,28,35,22,27,7
GENE5520,13,31,67,37,20,47,31,50,39,51,36,30
GENE5521,3,9,3,4,2,5,8,3,3,1,4,4
GENE5522,89,116,153,165,82,209,209,254,152,135,42,101
GENE5523,11,17,5,4,13,11,6,24,16,21,9,4
GENE5524,93,297,199,198,97,193,221,178,88,180,146,158
GENE5525,92,81,157,169,80,126,45,80,38,67,137,53
GENE5526,53,73,57,83,34,67,55,110,45,96,25,56
GENE5527,25,59,46,49,30,68,27,29,52,7,46,43
GENE5528,7,23,11,4,5,22,12,15,29,10,9,13
GENE5529,10,24,30,27,9,25,23,25,5,12,30,20
GENE5530,21,16,10,27,10,33,21,8,15,23,7,12
GENE5531,130,183,126,227,123,200,167,233,56,332,98,103
GENE5532,49,66,109,126,61,112,100,129,78,99,101,72
GENE5533,23,51,57,37,31,36,39,52,22,46,25,14
GENE5534,138,166,273,303,70,420,166,369,74,271,414,128
GENE5535,161,215,199,607,222,438,299,160,100,373,345,203
GENE5536,0,4,4,1,2,8,1,4,1,4,4,4
GENE5537,12,15,4,21,10,17,13,18,8,11,33,16
GENE5538,280,354,491,336,306,487,647,759,250,701,442,511
GENE5539,49,169,92,146,56,166,108,59,136,121,143,272
GENE5540,12,18,33,34,21,13,19,18,19,35,18,45
GENE5541,194,298,221,158,115,219,101,193,82,242,94,161
GENE5542,191,244,310,237,131,212,235,117,160,229,86,136
GENE5543,123,140,147,243,87,338,289,383,285,160,128,48
GENE5544,2,14,9,14,12,14,8,11,6,7,10,11
GENE5545,18,15,18,20,32,21,11,12,24,26,18,17
GENE5546,100,79,222,217,101,68,110,243,76,139,147,40
GENE5547,69,54,83,43,28,34,76,51,48,75,58,63
GENE5548,33,114,28,103,66,58,57,118,91,103,54,121
GENE5549,2,2,0,5,1,5,6,11,4,7,5,6
GENE5550,119,101,220,730,88,431,211,191,155,205,218,182
GENE5551,40,73,28,65,21,40,42,54,88,44,11,40
GENE5552,9,23,14,16,7,33,11,12,10,8,22,26
GENE5553,15,32,34,38,28,35,46,29,19,22,19,33
GENE5554,18,21,14,11,10,9,4,5,3,6,8,2
GENE5555,595,367,220,435,332,308,220,475,380,605,803,266
GENE5556,18,15,4,7,13,16,21,29,16,19,14,12
GENE5557,83,111,58,69,59,122,106,131,130,148,50,210
GENE5558,6,17,0,10,5,25,6,11,17,28,17,7
GENE5559,3,14,7,3,3,8,15,32,8,13,16,32
GENE5560,25,40,67,11,38,66,39,43,18,57,48,27
GENE5561,133,212,193,104,78,80,127,297,96,137,149,298
GENE5562,14,21,15,8,3,2,3,14,5,15,8,11
GENE5563,4,0,5,6,0,6,3,6,2,2,0,0
GENE5564,61,65,121,109,43,63,107,84,77,129,51,46
GENE5565,5,9,18,9,3,5,17,55,62,57,24,22
GENE5566,69,52,64,29,24,49,67,53,35,112,79,23
GENE5567,494,363,518,239,196,407,559,643,287,650,333,282
GENE5568,80,276,64,113,187,153,103,120,81,164,314,111
GENE5569,80,106,96,102,56,136,44,108,103,245,109,159
GENE5570,2,6,6,8,4,2,1,7,0,4,2,7
GENE5571,30,53,24,49,27,27,20,57,15,28,39,34
GENE5572,91,158,103,144,76,62,722,619,354,596,330,517
GENE5573,32,27,96,109,21,60,43,23,30,60,36,53
GENE5574,39,24,54,65,30,62,47,32,53,14,72,95
GENE5575,4,15,8,8,4,37,20,23,5,3,10,5
GENE5576,287,383,156,273,141,581,394,625,333,350,314,436
GENE5577,3,3,6,12,9,9,6,18,10,20,6,6
GENE5578,28,33,35,38,20,51,26,46,25,33,36,27
GENE5579,6,1,5,9,3,6,5,15,4,12,5,8
GENE5580,88,156,71,175,88,146,118,142,80,128,125,151
GENE5581,114,117,100,81,29,151,65,100,40,75,77,58
GENE5582,26,23,52,41,37,31,27,35,45,43,34,21
GENE5583,10,25,24,26,35,56,7,32,13,25,5,12
GENE5584,27,50,24,43,31,29,34,54,36,46,43,19
GENE5585,1875,1486,5367,2219,4571,2724,1960,3763,2452,4495,2221,1764
GENE5586,0,0,3,5,1,3,2,2,1,1,1,1
GENE5587,25,53,48,60,22,27,29,43,16,44,37,17
GENE5588,118,120,105,168,89,97,101,160,82,120,118,103
GENE5589,26,65,101,33,64,116,41,37,26,74,147,26
GENE5590,18,24,28,24,11,39,25,22,22,49,12,26
GENE5591,47,46,69,45,20,60,49,48,101,50,63,28
GENE5592,10,35,34,33,9,26,24,28,15,12,14,28
GENE5593,13,4,18,9,6,18,13,12,5,19,4,11
GENE5594,18,22,23,24,17,32,22,9,17,33,23,19
GENE5595,266,289,399,315,302,643,648,534,467,176,311,302
GENE5596,121,122,214,325,130,207,172,372,92,154,202,282
GENE5597,8,22,12,8,7,43,65,58,46,41,45,50
GENE5598,34,54,38,81,67,94,17,37,21,9,27,34
GENE5599,51,92,40,70,33,110,54,102,55,40,64,63
GENE5600,173,144,201,256,145,348,172,110,196,232,61,107
GENE5601,6,14,13,14,4,4,7,6,21,17,13,10
GENE5602,301,156,401,438,173,778,282,427,312,347,353,276
GENE5603,17,23,29,12,14,19,12,23,27,33,17,10
GENE5604,88,206,92,120,69,76,152,106,47,197,228,104
GENE5605,42,32,151,158,40,189,102,106,44,107,146,42
GENE5606,6,7,3,2,4,14,9,13,5,3,9,1
GENE5607,87,147,122,83,61,102,170,175,86,239,102,101
GENE5608,288,272,329,234,183,461,479,436,79,367,258,269
GENE5609,1538,2220,3227,1896,990,2079,1012,1731,1776,2288,1400,1261
GENE5610,110,135,121,208,65,166,75,66,83,108,177,117
GENE5611,18,53,38,21,13,40,28,25,28,38,18,17
GENE5612,15,19,53,59,21,55,47,39,15,66,46,30
GENE5613,349,385,346,414,564,409,280,292,345,432,186,391
GENE5614,654,858,980,588,794,1193,949,2374,1095,1202,1288,1093
GENE5615,94,83,107,114,99,140,100,220,118,210,49,99
GENE5616,40,88,40,66,28,91,27,50,27,31,31,64
GENE5617,119,104,204,148,49,153,207,65,62,113,146,115
GENE5618,106,106,257,271,95,88,141,126,81,166,78,186
GENE5619,42,42,59,32,31,98,38,100,61,86,32,44
GENE5620,9,7,35,21,15,13,13,28,23,24,19,17
GENE5621,19,16,16,24,6,12,8,20,22,19,20,21
GENE5622,1,5,5,11,5,9,4,14,8,6,7,15
GENE5623,137,91,275,309,78,219,65,124,58,118,87,50
GENE5624,50,138,68,43,23,80,47,52,69,49,35,71
GENE5625,100,173,344,199,98,222,272,86,165,259,78,110
GENE5626,4,3,2,2,3,4,2,16,5,26,3,4
GENE5627,21,42,27,21,39,37,21,62,9,11,37,35
GENE5628,21,58,57,114,41,59,56,93,35,29,52,42
GENE5629,58,82,95,160,86,124,117,187,56,130,32,46
GENE5630,10,15,10,23,6,26,35,35,30,61,34,54
GENE5631,264,589,382,439,204,387,328,168,242,587,258,166
GENE5632,15,15,14,14,13,18,14,19,13,12,18,20
GENE5633,0,0,4,3,0,2,15,47,26,26,11,25
GENE5634,8,7,9,23,4,15,2,16,3,12,8,5
GENE5635,14,29,30,19,15,38,14,22,23,34,52,22
GENE5636,100,216,178,70,82,111,86,147,105,105,131,105
GENE5637,2,5,1,0,0,2,1,7,1,4,1,1
GENE5638,30,31,43,34,32,35,50,42,39,47,61,39
GENE5639,171,419,186,379,376,458,160,288,239,189,160,215
GENE5640,231,95,198,335,210,139,116,317,193,325,235,320
GENE5641,34,19,18,59,34,37,25,42,32,40,31,35
GENE5642,281,132,353,587,131,817,192,347,450,493,370,230
GENE5643,14,85,58,32,23,28,30,45,21,127,14,35
GENE5644,88,206,86,138,57,79,119,144,87,177,96,153
GENE5645,20,11,23,21,33,75,45,46,53,47,28,44
GENE5646,19,78,29,123,8,37,90,37,19,50,103,71
GENE5647,1212,1436,775,1866,2383,1916,869,1965,1091,1789,919,927
GENE5648,141,278,99,219,90,288,126,337,132,106,157,118
GENE5649,202,242,214,344,72,170,253,266,170,182,124,143
GENE5650,26,31,42,43,12,34,49,83,30,35,27,29
GENE5651,11,13,4,19,1,12,15,14,3,9,13,11
GENE5652,19,26,34,26,10,39,4,10,4,9,8,18
GENE5653,19,55,65,60,30,132,83,128,51,77,65,93
GENE5654,14,32,12,22,9,15,20,33,25,13,26,13
GENE5655,167,286,209,185,134,472,150,382,104,139,142,366
GENE5656,2,3,0,0,2,4,1,5,1,4,1,0
GENE5657,1053,1556,1751,1227,553,1094,375,1320,1774,1080,338,1241
GENE5658,21,19,61,52,26,85,1,14,3,10,2,2
GENE5659,1116,1701,1063,1389,507,1217,1229,1454,2140,1640,1216,1635
GENE5660,809,741,1358,1135,618,1472,2657,2209,390,1257,653,633
GENE5661,376,1161,774,1019,292,1032,1611,1162,780,709,888,980
GENE5662,54,82,34,62,49,29,29,80,39,53,47,37
GENE5663,86,104,68,114,113,115,64,112,89,90,48,75
GENE5664,5,10,8,6,11,14,0,13,10,13,8,9
GENE5665,103,99,85,165,26,108,54,152,30,81,48,88
GENE5666,41,40,73,59,31,40,40,27,42,47,36,58
GENE5667,2,2,3,6,0,4,2,3,0,4,2,0
GENE5668,24,8,12,13,1,9,11,27,4,14,4,11
GENE5669,273,518,525,759,277,327,300,465,232,543,477,323
GENE5670,5,3,10,13,5,11,6,9,3,11,9,10
GENE5671,374,123,282,342,210,232,238,403,170,137,305,201
GENE5672,64,39,43,62,35,60,49,19,33,41,93,44
GENE5673,20,31,44,39,34,21,23,52,20,59,25,28
GENE5674,3,4,8,5,5,3,11,7,1,2,5,8
GENE5675,115,136,66,54,47,138,66,133,129,184,37,76
GENE5676,82,180,252,178,68,102,121,77,270,129,128,147
GENE5677,3079,4946,1333,3225,1533,3756,3521,3930,4146,4666,2300,3637
GENE5678,30,65,46,41,31,48,36,45,19,38,49,44
GENE5679,24,18,27,25,11,16,19,19,11,12,7,8
GENE5680,103,195,126,118,108,166,155,406,135,153,64,124
GENE5681,78,72,39,63,29,56,62,58,47,90,50,46
GENE5682,21,8,18,8,10,50,33,38,15,16,32,28
GENE5683,110,353,230,83,136,153,260,831,222,636,539,510
GENE5684,59,120,63,79,70,76,46,102,58,61,116,81
GENE5685,59,52,82,80,28,61,77,212,41,143,77,62
GENE5686,207,105,274,164,181,482,517,578,220,489,260,263
GENE5687,12,13,22,9,4,18,8,20,6,18,17,13
GENE5688,257,152,369,164,207,185,185,602,67,159,393,233
GENE5689,16,23,15,16,23,20,14,13,17,13,7,16
GENE5690,88,91,65,197,41,136,75,108,130,212,105,78
GENE5691,34,44,44,42,45,40,67,9,35,78,26,42
GENE5692,39,27,70,45,26,60,54,59,42,13,109,25
GENE5693,0,5,4,5,3,7,3,7,2,0,2,2
GENE5694,31,43,28,33,19,50,41,63,20,15,40,56
GENE5695,10,8,8,15,0,18,11,14,4,2,6,9
GENE5696,53,67,71,34,17,30,21,43,25,30,37,56
GENE5697,42,18,19,47,16,30,31,16,21,10,3,30
GENE5698,28,81,65,228,64,105,61,205,81,94,157,130
GENE5699,2,1,1,5,2,2,5,4,2,0,3,3
GENE5700,20,33,21,25,16,38,14,45,54,19,20,62
GENE5701,141,141,120,269,107,265,172,170,181,292,239,151
GENE5702,12,11,9,7,7,12,3,22,7,15,4,12
GENE5703,63,94,74,91,28,50,41,109,14,23,41,56
GENE5704,595,1234,736,755,895,846,607,1048,698,1148,948,436
GENE5705,43,55,57,86,76,47,91,61,122,93,32,40
GENE5706,157,158,143,255,49,134,106,99,48,42,80,115
GENE5707,10,65,27,41,26,23,1,1,3,6,2,18
GENE5708,5,3,12,5,1,4,3,10,5,5,8,4
GENE5709,5,7,13,10,9,7,7,19,13,10,8,12
GENE5710,165,70,48,90,45,177,91,122,44,215,174,105
GENE5711,883,1813,1451,1936,660,1255,1378,4572,1105,658,1264,666
GENE5712,6,6,3,7,1,8,7,9,11,1,6,7
GENE5713,7,9,19,7,9,11,7,9,6,13,5,14
GENE5714,13,38,68,38,37,41,19,6,21,18,6,7
GENE5715,0,6,8,6,5,7,6,9,2,5,6,5
GENE5716,46,17,27,35,29,66,20,92,33,25,49,34
GENE5717,36,100,68,87,54,86,75,33,36,111,91,39
GENE5718,52,43,35,41,49,37,74,34,28,75,58,40
GENE5719,19,29,38,37,26,28,16,29,22,30,22,31
GENE5720,0,2,3,3,1,1,1,1,0,0,0,2
GENE5721,141,102,97,171,114,160,342,430,392,413,991,217
GENE5722,9,22,7,26,18,17,20,33,5,17,1,12
GENE5723,35,29,26,60,45,63,111,468,314,85,188,150
GENE5724,24,37,16,16,30,32,12,38,15,10,12,32
GENE5725,9,7,6,5,7,11,12,10,5,10,5,10
GENE5726,13,19,19,22,11,33,22,11,15,17,6,31
GENE5727,6,18,22,24,10,34,23,15,12,19,7,29
GENE5728,1,3,3,4,0,4,0,1,4,0,2,7
GENE5729,2,3,0,7,1,8,5,11,3,9,3,4
GENE5730,54,48,76,111,68,30,91,95,39,70,39,99
GENE5731,67,271,280,263,67,254,144,251,63,140,177,169
GENE5732,34,28,24,26,12,46,49,65,19,42,26,43
GENE5733,16,7,1,9,9,9,9,7,0,9,15,8
GENE5734,13,40,28,53,13,66,24,27,28,24,44,28
GENE5735,250,204,214,340,179,49,1055,2464,1010,1753,1845,828
GENE5736,18,13,30,20,8,30,3,13,18,14,24,7
GENE5737,262,277,209,229,159,227,304,258,95,344,420,212
GENE5738,15,17,8,32,19,35,24,35,15,19,27,31
GENE5739,43,45,23,75,14,57,27,103,33,55,34,24
GENE5740,3,8,11,8,4,11,16,12,15,6,8,4
GENE5741,56,96,109,107,47,104,56,112,52,119,67,43
GENE5742,147,413,737,429,367,133,201,717,216,527,371,339
GENE5743,15,19,12,19,15,22,26,28,16,31,12,6
GENE5744,64,53,100,88,59,75,96,142,57,40,45,44
GENE5745,9,11,17,13,9,6,5,25,10,13,13,13
GENE5746,53,62,53,58,42,65,64,146,45,107,113,15
GENE5747,53,121,141,333,56,115,76,62,83,44,166,102
GENE5748,194,153,300,172,96,275,120,217,228,356,234,93
GENE5749,9,12,23,66,24,13,30,32,13,13,10,18
GENE5750,3,4,1,1,3,1,1,5,3,4,0,6
GENE5751,25,71,68,122,47,125,77,99,46,40,40,54
GENE5752,21,37,15,77,20,16,25,75,23,30,21,24
GENE5753,3,13,5,3,8,6,11,11,8,19,12,8
GENE5754,117,391,93,219,74,274,92,301,245,311,66,110
GENE5755,26,36,44,7,16,22,20,42,33,21,28,16
GENE5756,73,59,78,53,66,32,22,15,18,16,16,27
GENE5757,23,58,54,66,46,79,75,32,39,40,57,56
GENE5758,82,68,54,155,93,125,135,56,130,146,130,127
GENE5759,183,118,231,196,100,90,174,194,63,160,135,96
GENE5760,10,6,44,30,15,29,5,28,21,19,19,23
GENE5761,63,40,67,150,76,138,50,92,32,115,34,48
GENE5762,189,267,249,170,138,261,367,238,291,205,140,112
GENE5763,146,258,175,206,91,307,75,328,112,198,180,107
GENE5764,227,97,144,104,64,130,219,246,134,232,136,95
GENE5765,1,2,7,1,0,2,5,6,4,7,3,7
GENE5766,31,4,5,25,7,17,17,52,30,9,16,9
GENE5767,43,57,57,42,31,25,16,45,25,35,28,18
GENE5768,28,34,30,67,21,61,14,44,16,43,36,11
GENE5769,11,10,9,12,21,15,52,60,56,91,80,71
GENE5770,19,60,70,74,19,61,30,57,33,50,69,64
GENE5771,2516,996,1384,1876,1531,5333,1300,2646,768,2322,1689,1875
GENE5772,23,21,14,9,6,32,18,50,16,25,32,12
GENE5773,13,27,38,26,14,23,43,28,26,34,25,34
GENE5774,121,187,161,160,180,210,75,399,197,281,79,102
GENE5775,3,3,3,3,4,9,0,5,0,6,0,2
GENE5776,4,6,11,15,8,7,7,4,9,15,6,7
GENE5777,6,4,8,20,2,8,4,14,4,11,5,9
GENE5778,30,58,38,51,51,102,46,65,42,91,43,33
GENE5779,10,12,5,9,4,8,14,19,13,13,10,20
GENE5780,14,34,63,26,21,61,15,35,30,10,16,26
GENE5781,2,4,8,15,10,15,7,8,5,3,2,5
GENE5782,43,68,117,61,50,28,69,52,40,35,30,85
GENE5783,328,972,316,524,289,661,353,528,323,597,896,300
GENE5784,30,29,68,25,23,56,45,39,25,61,45,42
GENE5785,8,24,22,24,10,43,27,9,15,14,9,19
GENE5786,25,25,51,23,26,51,63,91,45,64,16,59
GENE5787,37,34,17,56,33,48,43,25,27,40,37,40
GENE5788,77,220,317,315,118,395,209,251,189,108,78,226
GENE5789,256,361,721,649,259,723,172,937,549,467,832,547
GENE5790,2,8,7,8,11,7,8,18,6,17,21,9
GENE5791,26,78,91,53,57,50,114,85,89,84,92,74
GENE5792,669,417,1163,2031,1522,839,845,1448,1247,1114,844,1210
GENE5793,144,105,144,199,100,234,156,237,101,145,161,150
GENE5794,5,10,12,11,3,7,8,7,0,14,1,1
GENE5795,258,380,311,382,240,930,407,411,182,329,455,431
GENE5796,9,26,7,19,17,7,19,48,11,13,9,26
GENE5797,3,21,16,22,26,28,10,25,18,16,9,30
GENE5798,7,67,23,41,26,32,27,42,12,26,23,30
GENE5799,10,26,11,17,4,10,11,18,4,1,8,11
GENE5800,69,64,40,62,21,57,74,89,58,41,65,55
GENE5801,60,89,60,59,30,96,370,140,352,198,156,276
GENE5802,84,111,118,190,119,92,159,142,119,70,50,93
GENE5803,94,181,95,152,57,74,75,65,25,71,54,79
GENE5804,48,76,81,52,56,49,112,70,64,79,54,85
GENE5805,57,51,75,59,95,83,42,164,38,123,89,44
GENE5806,84,170,236,122,103,176,124,391,218,213,293,152
GENE5807,45,134,133,126,46,132,32,71,163,109,108,58
GENE5808,1,2,2,7,3,17,1,4,3,10,6,5
GENE5809,3,7,6,9,2,4,3,13,4,13,12,7
GENE5810,3,18,21,7,3,18,15,5,16,19,6,13
GENE5811,34,53,9,19,16,49,181,230,71,114,72,69
GENE5812,69,82,54,119,64,135,37,46,17,102,40,84
GENE5813,0,2,0,6,0,3,2,1,4,7,0,1
GENE5814,16,34,53,64,15,51,47,57,5,62,47,39
GENE5815,63,90,141,113,86,179,138,120,81,74,87,36
GENE5816,153,156,72,125,80,119,90,390,117,125,71,207
GENE5817,26,33,12,27,21,37,20,32,18,40,27,14
GENE5818,33,30,29,34,15,26,13,70,29,12,11,14
GENE5819,134,72,97,115,60,40,76,113,166,125,62,63
GENE5820,152,157,572,540,218,265,73,262,141,217,160,309
GENE5821,122,192,247,164,79,83,145,207,330,213,48,112
GENE5822,21,91,60,32,32,104,87,78,57,64,52,55
GENE5823,51,86,104,55,37,36,50,129,80,34,50,77
GENE5824,75,206,179,82,76,111,163,162,42,216,74,119
GENE5825,18,14,34,30,4,24,20,29,20,11,23,22
GENE5826,2,2,7,10,6,11,4,9,8,3,6,1
GENE5827,4,7,8,8,2,12,4,18,4,4,5,17
GENE5828,65,82,68,64,109,124,101,76,50,101,71,101
GENE5829,70,83,185,276,85,108,149,221,153,67,60,80
GENE5830,3,10,9,1,9,7,10,13,10,1,4,2
GENE5831,123,198,258,658,172,221,130,188,172,166,195,182
GENE5832,106,53,77,74,53,132,90,119,35,120,37,46
GENE5833,51,30,27,18,29,66,22,54,40,90,35,32
GENE5834,21,9,10,36,13,48,18,23,12,32,16,28
GENE5835,28,93,17,43,28,68,33,46,36,29,24,39
GENE5836,10,1,6,10,8,14,8,14,17,25,13,22
GENE5837,411,931,363,770,207,429,779,705,207,907,641,418
GENE5838,1,2,5,4,3,7,4,6,1,3,1,2
GENE5839,45,79,70,82,28,107,53,66,31,43,57,65
GENE5840,5,6,24,8,6,13,6,12,18,8,6,20
GENE5841,85,157,165,268,153,117,212,250,119,188,133,53
GENE5842,4,3,2,6,5,2,4,4,0,7,4,2
GENE5843,9,11,23,33,4,18,21,15,10,40,27,10
GENE5844,9,13,29,28,8,27,22,9,5,18,15,13
GENE5845,310,843,470,603,428,642,3350,2121,1420,3849,1897,2380
GENE5846,244,121,193,143,94,176,98,165,60,290,101,339
GENE5847,107,77,126,89,64,94,92,184,169,154,115,73
GENE5848,6,15,12,15,0,11,7,9,12,15,8,6
GENE5849,527,870,550,407,129,653,435,437,345,379,363,427
GENE5850,8,9,28,33,7,12,2,2,2,4,7,1
GENE5851,54,117,59,71,50,66,84,118,22,65,80,81
GENE5852,182,91,94,130,118,204,143,280,55,83,67,104
GENE5853,36,21,21,46,16,71,30,76,32,51,20,29
GENE5854,17,20,12,40,23,17,10,9,8,4,3,2
GENE5855,48,97,40,91,36,39,57,79,50,32,30,73
GENE5856,3,1,3,2,0,2,1,2,2,1,4,2
GENE5857,186,133,351,215,90,377,255,488,169,228,117,222
GENE5858,15,35,34,26,12,11,24,18,32,32,8,14
GENE5859,8,11,11,26,8,14,21,29,2,12,35,12
GENE5860,536,1398,516,1061,792,1218,687,1198,422,1261,468,792
GENE5861,29,86,124,111,72,163,96,156,68,154,195,53
GENE5862,143,153,147,274,110,165,107,181,135,283,117,73
GENE5863,205,139,312,232,182,212,87,303,219,166,219,222
GENE5864,338,934,466,480,119,534,862,630,1135,447,508,276
GENE5865,10,3,11,10,2,9,6,15,8,3,5,7
GENE5866,696,2671,2358,2554,1837,2219,18538,20034,8730,20835,17568,22463
GENE5867,90,182,76,158,68,112,129,199,116,85,107,76
GENE5868,9,4,4,13,4,12,70,46,47,46,58,88
GENE5869,27,107,58,84,25,66,109,169,29,186,60,33
GENE5870,341,423,393,497,253,788,579,601,119,696,985,625
GENE5871,13,8,15,14,7,16,9,14,11,25,19,9
GENE5872,59,101,57,45,34,73,101,187,93,52,24,86
GENE5873,6,39,17,22,21,26,41,20,25,24,20,11
GENE5874,0,0,3,4,0,2,1,6,0,1,2,1
GENE5875,10,29,22,15,12,14,19,4,14,27,8,28
GENE5876,7,14,2,7,8,4,3,13,6,14,5,16
GENE5877,17,19,19,21,7,11,10,21,15,11,4,14
GENE5878,289,511,280,352,169,259,152,190,400,378,365,171
GENE5879,17,27,74,38,31,22,21,64,27,20,28,33
GENE5880,199,355,209,290,103,157,173,527,168,99,181,204
GENE5881,142,46,166,71,43,122,108,193,122,55,282,305
GENE5882,7,11,12,26,10,2,10,38,15,31,12,14
GENE5883,13,7,20,11,12,31,13,11,18,15,15,6
GENE5884,11,13,18,24,18,8,5,28,6,26,9,13
GENE5885,208,334,401,337,126,534,69,48,108,58,55,75
GENE5886,5,1,4,5,5,5,3,7,0,4,4,2
GENE5887,6,7,2,7,2,8,8,5,3,6,4,4
GENE5888,58,51,14,85,39,92,57,128,56,56,132,85
GENE5889,26,17,30,20,13,21,30,19,24,18,14,21
GENE5890,546,704,1081,773,592,548,225,134,87,121,101,282
GENE5891,3,22,7,11,17,9,17,12,4,10,11,3
GENE5892,35,29,60,53,25,49,80,113,29,42,48,71
GENE5893,45,88,107,125,33,121,82,122,34,43,38,28
GENE5894,1,5,2,16,1,7,3,12,4,1,2,5
GENE5895,27,67,45,23,13,43,43,48,24,32,75,86
GENE5896,72,51,130,81,28,49,38,133,51,45,88,16
GENE5897,29,48,39,48,25,39,101,141,97,146,189,85
GENE5898,15,10,20,20,6,18,11,31,21,25,7,22
GENE5899,762,2084,467,943,606,1820,4298,2280,1636,1463,3661,796
GENE5900,27,53,29,56,14,31,18,65,46,73,29,34
GENE5901,7,15,8,14,15,16,17,18,4,33,18,17
GENE5902,36,64,71,60,15,132,131,117,35,85,75,54
GENE5903,131,356,163,193,117,141,199,333,119,152,162,377
GENE5904,4,14,25,8,3,7,6,15,8,15,2,16
GENE5905,4,6,5,13,1,7,5,15,2,15,3,4
GENE5906,81,51,129,127,75,305,176,133,86,157,159,177
GENE5907,29,25,30,35,17,28,34,52,71,39,37,52
GENE5908,249,526,445,655,469,317,349,320,339,394,829,645
GENE5909,677,1226,592,498,609,484,294,1258,504,410,564,827
GENE5910,14,57,30,14,13,34,19,61,11,14,28,6
GENE5911,22,23,27,21,15,36,12,47,18,5,25,11
GENE5912,53,59,49,26,41,66,87,39,48,37,26,39
GENE5913,44,49,73,42,29,180,46,118,32,94,66,37
GENE5914,92,42,144,219,85,144,283,273,100,127,140,275
GENE5915,33,59,66,62,39,64,37,105,34,28,72,100
GENE5916,184,97,162,173,124,182,110,187,100,147,48,41
GENE5917,159,122,68,136,53,101,99,119,36,82,66,47
GENE5918,2,6,6,3,2,8,0,3,4,1,0,5
GENE5919,4,13,15,4,6,4,8,12,4,16,8,12
GENE5920,299,269,757,1003,217,192,500,922,345,547,568,631
GENE5921,104,168,123,132,65,105,68,77,42,72,116,68
GENE5922,9,11,7,12,9,7,2,9,10,22,16,5
GENE5923,1106,1666,1259,2138,1305,4014,2353,2072,768,1214,2258,1650
GENE5924,376,565,385,262,175,335,436,482,316,568,298,118
GENE5925,5,5,7,5,3,10,4,12,2,2,5,5
GENE5926,41,32,52,42,15,55,18,40,24,15,30,23
GENE5927,94,74,93,64,45,103,51,51,45,47,51,69
GENE5928,40,45,21,0,13,46,53,26,24,34,2,33
GENE5929,12,16,7,13,7,16,14,15,11,22,6,8
GENE5930,138,124,163,109,165,95,127,255,43,102,88,118
GENE5931,28,18,34,27,35,60,62,77,20,33,28,32
GENE5932,16,32,19,32,20,53,19,80,31,57,33,16
GENE5933,487,1154,941,587,467,481,817,926,598,760,733,637
GENE5934,23,53,60,41,23,121,47,102,35,46,23,24
GENE5935,14,5,13,8,5,21,10,4,5,10,4,17
GENE5936,58,35,34,92,45,45,20,49,44,75,55,47
GENE5937,206,130,220,103,74,203,211,105,72,90,94,137
GENE5938,155,348,264,154,277,749,499,249,193,558,286,366
GENE5939,43,144,125,55,15,75,103,101,102,94,35,94
GENE5940,3,9,2,4,2,9,6,11,4,9,3,6
GENE5941,9,10,13,8,1,5,14,7,8,17,3,9
GENE5942,25,29,33,25,13,36,37,26,12,33,31,21
GENE5943,10,29,16,20,13,3,12,21,21,32,10,9
GENE5944,118,162,103,174,78,195,65,123,86,190,79,84
GENE5945,9,10,5,25,10,21,23,65,18,55,33,28
GENE5946,161,413,382,208,138,231,274,439,239,208,131,331
GENE5947,187,595,578,464,434,508,218,435,453,321,389,571
GENE5948,55,81,50,76,29,62,64,26,42,47,59,54
GENE5949,3,9,10,3,3,2,9,11,4,10,7,3
GENE5950,39,227,251,310,136,105,137,242,120,374,361,100
GENE5951,30,120,74,43,29,103,81,186,91,148,108,75
GENE5952,15,20,50,32,25,51,17,23,27,45,25,14
GENE5953,38,29,23,18,29,21,20,27,18,54,13,16
GENE5954,23,30,34,36,28,17,38,65,6,48,32,49
GENE5955,12,8,6,27,3,23,13,19,12,5,28,10
GENE5956,9,12,18,13,15,16,38,9,27,28,5,35
GENE5957,206,198,199,268,69,177,228,370,73,354,76,128
GENE5958,15,19,21,62,16,48,15,6,18,12,17,26
GENE5959,641,217,505,778,271,231,486,353,298,496,568,292
GENE5960,3,3,6,4,8,12,7,8,1,7,11,5
GENE5961,466,678,650,389,635,468,348,424,595,411,572,128
GENE5962,86,213,141,96,101,215,131,257,118,105,91,75
GENE5963,39,121,38,47,93,62,69,58,69,14,79,86
GENE5964,20,24,18,10,12,18,25,14,25,31,35,38
GENE5965,5,3,7,12,2,16,5,6,13,17,14,2
GENE5966,425,232,268,313,291,718,519,642,127,297,372,357
GENE5967,18,29,37,29,18,32,57,118,43,159,78,81
GENE5968,2,6,22,9,7,31,14,11,5,5,5,2
GENE5969,54,98,120,122,22,95,123,130,43,70,70,62
GENE5970,6,3,8,6,1,5,4,3,5,7,7,11
GENE5971,100,102,98,107,53,120,107,89,80,49,78,154
GENE5972,38,108,75,56,90,93,69,137,30,56,44,90
GENE5973,725,744,1001,597,405,326,909,1918,1169,2021,1248,1287
GENE5974,1,3,1,7,2,7,6,4,4,8,0,3
GENE5975,167,244,169,87,54,104,108,297,155,74,165,147
GENE5976,28,45,29,29,19,45,20,40,18,32,28,24
GENE5977,44,59,62,52,12,59,84,53,41,81,48,52
GENE5978,57,68,69,127,41,65,80,76,69,50,49,43
GENE5979,41,59,87,113,41,52,71,88,41,148,43,32
GENE5980,13,45,37,73,31,25,49,81,30,27,35,29
GENE5981,56,110,56,110,65,69,77,38,44,51,48,67
GENE5982,9,18,34,13,7,22,7,9,13,15,20,11
GENE5983,12,6,7,9,0,5,3,3,3,3,3,1
GENE5984,7,18,3,9,6,11,9,10,8,2,10,13
GENE5985,67,83,74,88,69,112,106,89,65,142,57,71
GENE5986,165,116,153,104,164,236,41,313,115,136,178,98
GENE5987,47,95,118,66,61,49,115,119,57,100,77,93
GENE5988,4,10,14,12,5,5,7,14,15,3,13,5
GENE5989,385,374,579,535,374,497,683,406,270,365,281,427
GENE5990,10,37,22,8,7,12,16,38,8,25,17,14
GENE5991,14,11,25,17,11,15,13,18,18,11,8,25
GENE5992,11,14,10,29,17,11,92,43,64,147,68,44
GENE5993,26,122,97,51,56,177,137,127,59,92,82,48
GENE5994,5,5,1,0,2,4,4,3,0,3,1,2
GENE5995,2,6,4,3,0,9,7,9,8,15,15,10
GENE5996,171,453,686,974,257,878,3875,1674,1600,2077,1466,2949
GENE5997,7,12,9,19,6,28,13,24,13,8,10,9
GENE5998,9,12,8,8,7,16,7,11,5,11,11,2
GENE5999,8,6,6,17,8,7,9,9,2,9,10,5
